townname,cityid,ctycode,plcode,massgis,mfallow,siteplan,mfspga,mfattach,mfmixed,mfconvert,mfparcel,mfminlot,unitarea,townhous,mfsenior,onlyold,zonedist,agelimit,overlay,resdist,agezone,zoneweb,accesapt,aaspga,aafamily,cluster,clbuilt,clspga,cladopt,clamend,clbonus,cltype,clparcel,clminlot,clopen,include,incstruc,inclieu,incbonus,increlax,incadopt,incdevs,incunits,growrate,grownum,phasing,phunits,growadpt,growtemp,growexp,exsenior,exafford,exopen,exlodens,exinfra,exother,capfirm,mlaexclud,mlacba,mlapct,shaprule,shapenum,htcalc,front150,longzone,maxfront,frontout,maxbuild,subdrule,subadopt,subamend,subdweb,maxlength,pavewid1,pavewid2,typeroad,rghtway1,curb,sidewalk,sidewide,maxgrade,maxgrad2,wetbylaw,wetadopt,wetamend,ccadopt,wetonline,vernpool,vernlist,buffpool,pooldefn,vernwide,maxjuris,buffisol,isolwide,floodexp,addterms,termdefn,bufflsf,lsfdefn,nobuild,nogowide,delaycert,septrule,septdate,septweb,grndmin,roomflow,housflow,bedcount,maxperc,leachsiz,propback,wetback,wellback,perctest,septtime,noshare,pctsewer,iipartic,iiratio,iicash,sewerfee
CLINTON,5,27,14395,64,6,,1,0,0,2,,5000,,0,0,0,5,,2,2,1,0,2,2,0,2,1,1,,,1,1,,,20,3,3,0,2,0,,0,0,0,,0,,,,,,,,,,,0,1,0,,0,,1,0,0,110,0,3784,1,1973,,0,800,28,24,MINOR,50,2,1,4,10,12,0,,,,,,,,,,,,,,,,,,,,,0,,,,,,,,,,,,,,,4,1,3,0,825
STERLING,6,27,67385,282,2,,2,1,0,0,,21780,10000,0,0,0,6,,3,2,0,0,2,2,0,0,,,,,,,,,,0,,,,,,,,1,30,1,7,1998,1,2008,0,0,0,0,0,0,0,0,0,,0,,2,1,1,225,0,3288,1,1967,2004,0,675,24,20,MINOR,50,2,1,4,10,10,0,,,,,,,,,,,,,,,,,,,,,1,1995,0,6,110,330,1,60,1000,10,100,100,0,0,1,0,,,,
BOYLSTON,7,27,7525,39,0,,,0,0,0,,,,0,0,0,10,,2,3,0,1,0,,,0,,,,,,,,,,0,,,,,,,,1,20,1,8,2000,1,2005,1,1,0,0,0,0,0,0,0,,0,,1,1,2,200,0,2307,1,2004,,1,,24,24,LOCAL,50,2,2,,,,0,,,,,,,,,,,,,,,,,,,,,1,2003,0,5,110,330,0,60,750,20,100,100,0,0,0,0,,,,
WEST BOYLSTON,8,27,75155,321,5,0,1,0,0,0,10,40000,5500,2,1,0,5,55,4,2,1,0,2,2,0,2,1,1,2002,,,3,10,5000,25,0,,,,,,,,0,,0,,,,,,,,,,,0,0,0,,0,,1,0,0,120,0,1318,1,,,0,500,26,26,RESIDENTIAL FEEDER,50,2,1,5,8,10,0,,,,,,,,,,,,,,,,,,,,,0,,,,,,,,,,,,,,,3,0,,,4000
NORTHBOROUGH,9,27,46820,215,6,,2,0,2,2,5,15000,8712,2,1,0,10,55,4,5,1,1,0,,,2,,1,,1988,1,1,10,10000,35,1,4,0,1,0,1988,0,0,0,,0,,,,,,,,,,,0,1,1,50,0,,1,1,2,200,0,2331,1,1991,2003,1,500,26,26,NA,50,3,2,5,10,10,1,1990,,1,1,0,0,0,,,,1,100,1,1,0,1,1,1,30,1,0,,,,,,,,,,,,,,,1,0,,,6400
TOWNSEND,10,17,70360,299,6,,2,0,2,2,10,15000,87120,0,0,0,7,,3,2,0,0,2,2,0,2,0,1,1986,2000,1,1,10,20000,30,1,4,0,1,1,1989,,,1,28,1,3,2004,1,2008,1,1,0,0,0,0,1,0,0,,0,,1,1,2,200,0,3424,1,1999,,0,500,26,26,TYPE I,40,2,2,5,9,9,1,1983,1997,1,0,1,1,1,0,100,100,1,100,1,1,1,1,1,1,50,1,1,2004,0,5,110,330,0,60,,25,100,100,0,0,1,0,,,,
PEPPERELL,11,17,52805,232,2,,1,1,1,0,,40000,10000,2,0,0,7,,2,5,0,1,2,2,0,2,1,1,1973,,,,10,,,0,,,,,,,,1,40,1,5,1998,1,2006,1,1,0,1,0,0,1,1,1,,1,40,3,1,5,200,0,3514,1,,2000,0,500,24,20,SUBCOLLECTOR,40,3,1,4,8,8,1,2002,,0,1,0,0,0,,,,0,,0,0,,0,0,1,50,0,1,1990,0,5,150,450,0,60,,10,50,100,0,0,0,1,0,,,500
DUNSTABLE,12,17,17825,81,7,1,1,0,2,0,10,20000,20000,2,1,0,6,55,3,3,1,1,2,2,1,2,1,1,1988,1997,1,3,10,20000,35,3,4,0,1,1,2002,0,0,1,24,1,5,2001,1,2006,0,1,1,1,0,0,1,1,1,,4,,1,1,2,200,0,2258,1,,2003,1,600,28,28,NA,55,3,2,,6,12,1,1985,2000,1,0,0,0,0,,,,0,,1,0,,0,1,1,60,1,1,2004,1,5,110,330,0,60,,10,50,120,0,0,0,0,,,,
SHIRLEY,13,17,61590,270,6,,4,1,2,2,6,50000,,0,0,0,7,,4,4,1,1,1,2,0,2,1,1,,,1,1,6,,35,0,,,,,,,,1,30,0,,2000,1,2005,1,1,0,1,0,0,1,0,0,,0,,1,1,2,225,0,8340,1,1956,2000,0,1000,24,24,MINOR,50,3,2,5,10,10,1,1995,1996,0,1,0,0,0,,,,0,,0,0,,0,0,0,,0,1,1995,0,5,110,330,0,30,600,20,100,100,0,0,1,3,0,,,250
GROTON,14,17,27480,115,6,,4,1,0,2,,80000,5000,0,1,0,6,55,5,2,1,1,0,,,2,1,1,1980,,1,1,,30000,25,2,4,1,2,0,1990,,5,1,60,1,5,1980,1,2005,0,0,0,0,0,0,0,1,1,,1,40,3,1,2,225,0,4196,1,1983,2000,1,1000,22,20,MINOR,50,3,1,4,10,10,1,2001,2003,0,1,1,1,1,1,100,200,1,100,0,1,0,0,0,1,50,1,1,2003,1,5,110,330,0,60,600,20,100,100,0,0,1,1,0,,,6500
AYER,15,17,3005,19,4,0,2,0,1,2,,10000,3630,1,0,0,7,,4,3,0,0,0,,,2,1,1,2000,,0,3,1.5,10000,,1,4,0,0,0,2000,1,2,1,32,1,6,1999,1,2005,0,0,0,0,0,0,1,1,0,,0,,3,1,2,150,0,2089,1,1966,,0,500,36,36,MINOR,50,2,2,4,12,12,0,,,,,,,,,,,,,,,,,,,,,1,2001,0,5,110,330,0,60,,10,50,100,0,0,1,4,0,,,1500
LANCASTER,16,27,34165,147,2,,2,0,0,0,,87120,,0,1,0,7,55,3,1,1,0,0,,,2,1,1,,,1,,,32000,,0,,,,,,,,1,30,1,4,1986,0,,0,0,0,0,0,0,0,1,0,90,1,30,1,1,1,225,0,2372,1,1987,2001,0,,24,22,MINOR,50,2,0,,10,11,0,,,,,,,,,,,,,,,,,,,,,1,1999,0,5,110,330,0,60,,10,100,100,0,0,0,2,1,3,0,100
HARVARD,17,27,28950,125,1,0,4,0,2,2,,65340,65340,2,0,0,4,,2,2,0,1,2,2,0,2,1,1,1990,2003,1,2,4.5,65340,50,1,4,0,1,1,2003,0,0,0,,0,,,,,,,,,,,0,1,1,25,0,,1,1,2,180,0,3203,1,1970,1986,1,500,24,18,CONVENTIONAL SUBD,50,1,0,,15,15,1,1987,2002,1,1,0,0,0,,,,1,100,1,0,,0,1,0,,1,1,1987,0,5,110,330,0,20,800,10,100,100,0,0,0,0,,,,
BOLTON,18,27,6365,34,0,,,0,0,0,,,,0,0,0,6,,2,1,0,1,1,,0,2,1,1,1989,1996,0,0,10,43560,33,2,,1,0,0,2004,0,0,1,37,1,6,2000,1,2008,1,1,0,0,1,0,1,0,0,,1,32,5,1,1,200,0,1740,1,1968,2001,0,500,24,24,MINOR,50,2,1,4,8,10,1,1998,,0,1,1,1,1,1,100,200,1,100,1,1,0,1,0,1,25,1,1,2001,0,5,110,330,0,30,,25,100,100,0,0,0,0,,,,
BERLIN,19,27,5490,28,5,1,1,0,0,0,20,80000,14167,0,1,0,7,55,4,2,1,0,2,2,0,2,,1,1999,,,1,20,14520,30,2,3,0,0,0,2003,0,0,1,15,1,8,1999,1,2005,1,1,0,0,0,0,0,0,0,,4,,3,1,1,200,0,1338,1,2001,,0,500,26,26,MINOR,60,3,0,5,10,10,0,,,,,,,,,,,,,,,,,,,,,1,1996,0,5,110,330,0,30,,25,100,100,0,0,0,0,,,,
MARLBOROUGH,20,17,38715,170,2,,3,1,0,2,,5000,,2,0,0,11,,3,8,1,1,0,,,2,,1,,,1,2,5,10000,20,3,4,0,1,0,2004,1,,0,,0,,,,,,,,,,,0,0,0,,5,,3,1,3,250,0,2918,1,1980,2003,1,500,32,26,SECONDARY,50,3,2,,8,10,0,,,,,,,,,,,,,,,,,,,,,0,,,,,,,,,,,,,,,4,1,3,0,3000
HUDSON,21,17,31540,141,2,,2,0,2,2,,5000,6000,2,0,0,8,,4,5,1,1,0,,,0,,,,,,,,,,0,,,,,,,,0,,0,,,,,,,,,,,0,0,0,,0,,3,1,3,180,0,1606,1,1986,1993,0,500,28,28,COLLECTOR,50,2,1,5,7,7,0,,,,,,,,,,,,,,,,,,,,,0,,,,,,,,,,,,,,,3,1,3,1,500
STOW,22,17,68050,286,6,,1,0,0,0,25,65340,10890,0,1,0,7,55,4,2,1,0,1,1,0,2,1,1,1970,1995,0,1,10,20000,60,3,4,1,1,1,2003,0,0,0,,1,6,1988,,,0,1,1,0,1,1,0,1,0,50,1,40,1,1,2,200,0,1319,1,1956,2001,1,500,22,18,ACCESS,50,2,2,5,10,10,1,1983,2004,1,1,1,1,1,0,200,200,1,100,1,1,1,1,1,1,35,1,1,1999,0,5,110,330,0,60,1000,10,100,150,0,0,0,0,,,,
SOUTHBOROUGH,23,27,63165,277,6,,4,0,0,0,50,10000,,0,1,0,9,55,2,2,1,0,2,2,0,2,1,1,1996,,0,1,10,,35,2,,1,3,0,,1,4,0,,0,,,,,,,,,,,0,1,0,45.91368,4,,1,1,2,150,0,1545,1,1986,,1,1000,24,20,LOCAL RESIDENTIAL,50,2,1,,8,10,1,1995,2002,1,1,0,1,1,,100,100,1,100,1,1,0,1,0,1,20,1,1,2000,1,5,110,330,0,60,,10,50,100,0,1,0,0,,,,
HOPKINTON,24,17,31085,139,6,,1,0,0,0,5,22000,4356,0,1,0,9,55,9,6,1,1,2,2,0,2,1,1,1988,2003,0,1,10,4356,15,2,2,0,0,0,,,,0,,1,12,2000,,,1,1,0,1,0,0,0,0,0,,0,,1,1,3,200,1,4632,1,1959,2003,1,500,22,20,MINOR,50,2,1,5,9,9,1,1995,2003,1,1,1,1,1,0,125,125,1,100,1,1,0,1,0,1,50,1,1,2004,1,5,110,330,0,60,,10,50,100,0,0,0,2,0,,,3000
UPTON,25,27,71480,303,6,,4,0,2,0,5,15000,14520,2,1,0,9,55,1,5,1,1,0,,,3,1,1,1999,,1,3,5,14520,25,1,4,0,1,0,2002,0,0,0,,1,44,,,,0,1,0,0,0,0,0,0,0,,0,,1,1,4,240,0,2713,1,2000,,1,500,20,20,MINOR,50,3,1,5,8,8,1,2004,,0,1,1,1,1,1,,200,1,100,1,1,0,1,0,0,,1,1,2003,0,5,110,330,0,60,,10,100,100,1,0,0,1,0,,,5000
MILFORD,26,27,41165,185,6,,1,0,0,0,5,7000,,2,1,0,11,55,2,4,1,1,2,2,1,2,1,1,1985,2002,1,3,5,,50,1,3,0,1,0,2002,0,0,0,,0,,,,,,,,,,,0,0,0,,1,30,1,0,0,120,0,2299,1,1955,2002,1,500,30,30,MINOR,50,3,2,5,8,12,1,2002,,0,1,0,0,0,,,,1,100,1,1,0,1,0,1,25,1,0,,,,,,,,,,,,,,,4,0,,,500
HOPEDALE,27,27,30945,138,0,,2,0,0,2,,50000,,1,0,0,14,,2,7,1,0,2,2,1,2,,1,,,,,7,,,0,,,,,,,,0,,0,,,,,,,,,,,0,0,0,,0,,3,1,2,150,0,334,1,2001,,0,500,30,30,MINOR,50,2,2,,10,10,0,,,,,,,,,,,,,,,,,,,,,1,,0,5,110,330,0,60,,10,50,100,0,0,0,4,0,,,500
MENDON,28,27,40255,179,0,,,0,0,0,,,,0,0,0,2,,2,2,0,0,0,,,0,,,,,,,,,,2,1,0,2,1,2004,0,0,1,39,1,7,2001,1,2006,0,0,0,0,0,0,1,1,0,100,0,,5,1,2,200,0,3581,1,,1997,0,800,30,30,SECONDARY,50,3,2,5,6,6,0,,,,,,,,,,,,,,,,,,,,,0,,,,,,,,,,,,,,,0,,,,
MILLVILLE,29,27,41585,188,2,,1,0,0,0,,20000,,0,0,0,3,,0,2,0,0,0,,,0,,,,,,,,,,0,,,,,,,,0,,0,,,,,,,,,,,0,0,0,,0,,1,1,2,200,0,1056,1,1984,2001,0,500,26,26,MINOR,50,3,2,4,10,10,1,2003,,1,0,1,1,1,1,200,200,1,100,1,1,0,1,1,1,50,1,0,,,,,,,,,,,,,,,0,,,,
BLACKSTONE,30,27,6015,32,2,,4,1,2,2,,52500,5000,2,0,0,4,,4,4,0,0,0,,,2,1,1,1994,1996,0,0,,,,0,,,,,,,,0,,0,10,1979,,2001,0,,,,,,1,1,0,90,1,30,1,1,3,275,0,1590,1,1963,2003,0,500,26,20,MINOR,50,3,2,5,10,11,1,1986,2000,0,0,0,0,0,,,,1,100,0,0,,0,0,1,100,1,0,,,,,,,,,,,,,,,1,0,,,3100
BELLINGHAM,31,21,4930,25,1,0,1,0,0,2,,20000,,2,1,0,7,55,4,3,1,1,2,2,1,2,1,1,,2002,0,0,,40000,,1,,0,0,1,,,0,0,,0,,,,,,,,,,,0,1,0,90,1,22,1,1,2,200,0,1840,1,1956,2000,1,,26,22,MINOR,50,2,1,5,10,12,0,,,,,,,,,,,,,,,,,,,,,0,,,,,,,,,,,,,,,1,0,,,500
MEDWAY,32,21,39975,177,0,,,0,0,0,,,,2,0,0,12,,5,4,1,1,2,2,1,2,0,1,1999,,0,2,10,6000,40,0,,,,,,,,0,,0,,,,,,,,,,,0,1,1,50,1,22,1,1,3,180,0,2057,1,,2000,0,600,26,18,MINOR,50,2,1,5.5,8,8,1,1996,,0,1,0,1,1,,100,100,1,100,1,1,0,1,0,1,25,0,1,1995,0,5,110,330,0,60,,10,50,100,1,1,0,3,0,,,75
HOLLISTON,33,17,30700,136,7,1,4,1,2,1,10,5000,8712,1,1,0,7,55,3,5,1,1,1,,1,2,1,1,1975,1978,0,1,10,8712,15,1,1,0,2,1,2001,0,0,0,,0,,,,,,,,,,,0,0,0,,0,,1,1,2,225,0,3070,1,,2004,1,500,24,24,LOCAL RESIDENTIAL,50,3,2,,8,8,1,1975,2003,1,1,1,1,1,1,200,200,1,100,1,1,0,1,1,1,50,1,1,1997,0,6,110,330,0,60,,10,50,100,0,0,1,0,,,,
ASHLAND,34,17,2130,14,4,1,4,0,1,2,5,5000,2000,0,1,0,9,55,3,4,1,0,2,2,1,2,1,1,1970,1999,1,0,5,15000,50,3,1,1,1,1,1972,0,0,0,60,0,,,1,2000,,,,,,1,0,1,0,90,1,22,1,1,2,150,0,2645,1,2001,,1,500,26,24,MINOR,50,3,1,5,10,12,1,1999,,0,1,0,0,0,,,,0,,0,0,,0,0,1,25,0,1,1997,0,5,110,330,0,60,,10,75,100,0,0,0,3,1,4,1,1100
FRANKLIN,35,21,25100,101,6,,1,0,0,0,,40000,1000,2,0,0,12,,6,7,1,0,0,,,2,1,1,1987,2001,0,1,5,15000,20,1,,0,2,0,2001,,,1,100,1,10,1997,1,2009,1,0,0,0,0,0,1,1,0,90,4,,1,1,3,200,0,,1,,1999,1,600,28,26,MAJOR,56,3,2,,8,8,1,1997,,1,1,1,1,1,0,100,100,1,100,0,1,0,0,0,1,25,1,0,,,,,,,,,,,,,,,2,1,,1,2750
FRAMINGHAM,36,17,24925,100,2,,1,0,2,2,,8000,,2,0,0,19,,4,7,1,1,0,,,2,0,1,,,,2,10,12000,25,2,4,0,0,0,2004,0,0,0,,0,,,,,,,,,,,0,1,1,70,4,,1,0,0,100,0,3227,1,,,1,500,24,24,RESIDENTIAL ACCESS,60,3,2,,8,8,1,1992,,1,0,1,1,1,0,125,125,1,125,1,0,,1,0,0,,1,0,,,,,,,,,,,,,,,4,1,,1,100
SUDBURY,37,17,68260,288,0,,,0,1,0,,,,2,0,0,11,,6,3,1,1,2,2,0,2,,1,,,0,0,10,20000,25,1,4,0,0,1,1998,1,44,0,,0,,,,,,,,,,,0,1,0,75,2,0.025,1,1,3,210,1,2088,1,1973,1999,1,1200,24,20,RESIDENTIAL,50,3,1,5,6,6,1,1994,1998,1,1,1,1,1,0,100,100,1,100,1,1,0,1,1,1,100,1,1,1998,0,6,110,330,0,60,450,10,100,100,0,0,1,0,,,,
MAYNARD,38,17,39625,174,4,1,2,0,0,0,,10000,2000,0,0,0,10,,2,5,0,1,2,2,1,0,,,,,,,,,,0,,,,,,,,0,,0,,,,,,,,,,,0,1,0,80,0,,1,0,0,130,1,547,1,,,1,500,26,26,SECONDARY,40,2,2,4.5,8,8,1,1996,2003,1,1,1,1,1,0,100,100,1,100,1,1,0,1,1,1,50,1,0,,,,,,,,,,,,,,,4,0,,,3000
BOXBOROUGH,39,17,7350,37,1,1,,0,0,0,,80000,26666.67,0,0,0,7,,4,2,1,1,0,,,0,,,,,,,,,,0,,,,,,,,0,,0,,,,,,,,,,,0,1,1,20,4,,3,1,2,150,0,884,1,1954,2000,1,500,22,20,SUBCOLLECTOR,50,2,1,,8,10,1,1982,1984,1,1,1,0,1,0,100,100,1,100,1,0,,0,1,1,50,1,1,2000,1,5,110,330,0,60,,20,100,100,1,0,1,0,,,,
LITTLETON,40,17,35950,158,0,,,0,0,0,,,,0,0,0,4,,4,1,0,1,2,2,1,2,1,1,1990,1998,0,0,10,,,0,,,,,,,,0,,0,,,,,,,,,,,0,1,0,90,1,40,1,1,1,150,0,2854,1,,2003,1,750,22,20,MINOR,40,2,1,4,8,10,1,2003,,0,1,0,0,0,,,,0,,0,0,,0,0,0,,0,1,2003,1,5,110,330,1,30,,20,100,100,0,0,0,0,,,,
WESTFORD,41,17,76135,330,6,,4,0,0,2,4,20000,,2,1,0,9,55,5,3,1,1,2,2,0,2,1,1,,2000,1,3,10,20000,10,2,3,0,0,0,,,,1,30,1,6,1996,1,2007,1,1,0,1,0,1,0,1,0,75,1,40,1,1,1,200,0,4637,1,1981,2004,0,1000,22,18,MINOR,50,3,2,,9,9,1,1987,1989,1,1,0,1,1,,100,100,1,100,1,0,,0,1,1,75,1,1,2000,1,5,150,450,0,20,,10,100,100,0,0,1,0,,,,
TYNGSBOROUGH,42,17,71025,301,2,,1,0,0,0,5,20000,,2,0,0,9,,3,3,0,1,2,1,0,2,,4,2001,,0,0,9,35000,,1,3,0,1,0,,,,1,65,1,10,1988,1,2008,0,1,0,0,0,0,0,1,0,100,2,40,1,1,2,200,0,1700,1,1987,,1,500,28,28,RESIDENTIAL,50,3,1,,10,10,1,2002,,0,1,1,1,1,1,100,200,1,100,1,1,0,1,1,1,50,1,1,1998,1,6,110,330,1,60,,10,100,100,0,0,0,1,0,,,4950
WRENTHAM,43,21,82315,350,2,,1,1,0,0,,90000,,2,0,0,8,,3,3,1,0,0,,,2,,1,,,0,0,8,22000,30,0,,,,,,,,0,,0,,,,,,,,,,,0,0,0,,3,25,1,1,2,200,1,3367,1,,,0,1500,26,26,MINOR,45,2,2,,8,8,1,1999,,1,0,1,1,1,0,100,100,1,100,1,1,0,1,1,1,50,1,1,1996,0,6,110,330,0,60,,10,50,100,0,0,1,0,,,,
NORFOLK,44,21,46050,208,0,,,0,1,0,,30000,,2,0,0,13,,5,3,1,1,2,2,1,2,1,1,1992,2002,1,,1.836547,20000,25,1,1,0,1,1,,0,0,0,,0,,,,,,,,,,,0,1,1,60,3,20,3,1,3,200,0,2295,1,,,0,600,26,14,SECONDARY,60,3,2,5,10,10,1,1989,1998,1,1,0,0,0,,,,1,100,1,1,0,1,0,1,50,1,1,1997,1,6,110,330,0,60,,10,75,100,0,0,1,0,,,,
PLAINVILLE,45,21,54100,238,1,1,2,0,0,1,,15000,7500,2,0,0,13,,2,4,1,0,0,,,2,1,1,1989,,0,2,5,20000,40,0,,,,,,,,0,,1,,,0,,0,0,0,0,0,0,0,0,0,,0,,3,1,1,225,0,2750,1,1971,1992,0,,28,28,LOCAL,50,3,1,5,8,8,1,1981,,1,0,0,0,0,,,,1,100,0,1,0,0,0,1,35,1,1,1996,1,5,110,330,0,60,,10,100,100,0,0,1,2,1,5,0,2500
MILLIS,46,21,41515,187,2,,1,1,2,0,5,30000,,2,1,0,5,55,3,3,1,0,2,2,1,2,0,1,2002,,0,,10,15000,35,0,,,,,,,,0,,0,,,,,,,,,,,0,1,0,75,2,0.08,1,1,1,200,0,1555,1,,,0,500,26,26,SUBDIVISION I,50,2,2,,10,10,1,,2004,0,0,0,0,0,,,,1,100,0,0,,0,0,0,,1,1,1995,0,5,110,330,0,30,,20,50,100,1,0,1,2,0,,,1500
SHERBORN,47,17,61380,269,2,,1,1,0,0,6,,10890,2,1,0,7,55,2,5,1,1,2,2,1,2,0,1,1996,,0,0,6,60000,40,1,3,0,1,0,1991,1,34,0,,0,,,,,,,,,,,0,0,0,,0,,1,1,4,250,0,1628,1,1954,1999,1,600,24,24,NA,60,2,1,,8,8,1,1981,2001,1,0,1,1,1,1,200,200,0,,1,0,,1,1,1,50,1,1,1975,1,6,165,495,1,20,400,20,125,125,1,0,0,0,,,,
NATICK,48,17,43895,198,7,0,4,1,2,0,17.21763,10000,4500,1,0,0,21,,6,11,1,1,2,1,1,2,1,1,1980,,,3,22.95684,,20,3,,1,3,1,1991,,,0,,0,,,,,,,,,,,0,0,0,,0,,4,1,2,225,0,1681,1,1963,1993,1,500,24,24,NA,50,2,2,4.5,7,7,1,2000,2002,1,1,1,1,1,1,100,100,1,100,1,1,1,1,1,1,40,1,1,1992,1,5,150,450,0,60,,20,100,125,0,0,0,4,1,4,1,975
WAYLAND,49,17,73790,315,6,,1,0,0,0,20,,,2,1,0,10,55,9,7,1,1,2,2,0,2,1,1,1974,,,3,10,,35,3,,0,0,0,1989,0,0,0,,0,,,,,,,,,,,0,0,0,,4,,1,1,3,210,0,1547,1,,,1,690,24,22,RESIDENTIAL,50,2,0,,8,8,1,2002,2004,1,1,1,1,1,0,100,100,0,,1,1,1,1,1,1,30,1,1,1999,1,5,165,495,0,60,800,10,75,100,0,0,0,1,0,,,11549
LINCOLN,50,17,35425,157,5,1,4,1,0,0,25,30000,8000,1,0,0,7,,7,4,0,1,2,2,0,2,1,2,1972,,1,3,25,,70,1,,0,1,1,,0,0,0,,0,,,,,,,,,,,0,1,1,25,5,,2,0,0,120,0,326,1,,2001,0,500,20,16,SECONDARY,50,2,1,5,10,10,1,1989,2003,1,1,1,1,1,1,100,100,1,100,1,1,0,1,0,1,50,1,1,1996,0,5,165,495,0,60,,10,100,100,0,0,0,0,,,,
CONCORD,51,17,15060,67,3,,4,1,1,0,0.9182736,10000,,2,0,0,11,,3,4,0,1,2,2,0,2,1,1,1962,2001,1,3,0.9182736,10000,25,1,4,0,1,1,1987,,309,0,,0,,,,,,,,,,,0,1,0,50,0,,1,1,2,200,0,1407,1,1938,2003,1,600,26,22,COLLECTOR,50,2,1,,7,8,0,,,,,,,,,,,,,,,,,,,,,1,2004,1,5,110,330,0,30,,10,75,100,0,0,0,2,0,,,5000
CARLISLE,52,17,11525,51,2,,1,1,0,0,4,,,2,1,1,5,55,1,3,1,0,2,1,0,2,1,1,1982,2000,1,2,10,,30,0,,,,,,,,0,,0,,,,,,,,,,,0,0,0,,1,40,1,1,2,250,0,1169,1,1961,2002,0,1000,20,18,LOCAL,50,3,0,,8,8,1,2002,2003,1,1,0,0,0,,,,0,,0,0,,0,0,0,,0,1,1998,1,5,165,495,0,60,,10,100,100,0,1,0,0,,,,
ACTON,53,17,380,2,7,0,7,1,1,2,8,5000,2904,1,1,0,25,55,4,10,1,1,1,2,0,2,1,1,1981,2003,1,1,6,8000,30,3,,0,1,1,1990,1,6,0,,0,,,,,,,,,,,0,0,0,,4,,1,1,7,250,0,996,1,1965,2001,1,500,20,20,LOCAL,40,2,1,5,10,10,1,2003,,1,1,1,1,1,0,100,100,1,100,0,0,,0,0,1,75,0,1,2004,1,6,110,330,0,60,800,10,75,100,0,0,1,1,0,,,100
CHELMSFORD,54,17,13135,56,2,,1,0,2,0,5,80000,5000,2,1,0,15,,2,5,1,0,2,2,1,2,1,1,1987,,0,0,10,12000,25,1,3,0,1,0,1987,0,0,0,,0,,,,,,,,,,,0,1,1,80,0,,1,1,3,150,1,5210,1,1952,1994,0,,26,22,MINOR,50,3,1,5,10,12,1,1982,2000,1,0,0,1,1,,100,100,1,100,0,0,,0,0,1,50,1,1,1995,0,5,110,330,0,25,800,10,75,150,0,0,0,3,0,,,1500
LOWELL,55,17,37000,160,4,1,4,0,1,2,,3400,1000,1,0,0,19,,2,7,0,1,2,2,0,2,1,4,2001,2004,0,0,5,4250,25,0,,,,,,,,0,,0,,,,,,,,,,,0,1,0,70,0,,1,0,0,75,1,5495,1,1959,1991,0,600,28,28,LOCAL,45,3,2,,6,12,1,1988,2004,0,1,0,0,0,,,,0,,0,1,0,0,0,0,,1,0,,,,,,,,,,,,,,,5,0,,,75
DRACUT,56,17,17475,79,2,,1,0,0,2,5,40000,,0,0,0,10,,3,3,0,0,2,1,1,2,1,4,1987,,0,0,5,20000,,3,,0,0,1,2003,1,,0,,0,,,,,,,,,,,0,1,0,,2,40,1,1,3,200,0,3686,1,1957,,0,500,30,18,MINOR,50,3,2,5,8,8,1,1993,,0,0,1,1,1,1,100,150,1,100,0,1,0,0,0,1,50,1,1,,0,5,110,330,0,60,,10,100,100,0,0,0,3,0,,,3550
DIGHTON,57,5,16950,76,0,,,0,0,0,,,,0,0,0,3,,4,1,0,0,2,2,0,2,1,1,,,0,,1.076102,7500,20,0,,,,,,,,0,,1,8,,,,1,1,1,1,0,0,0,1,1,,0,,5,1,1,175,0,8414,1,,2003,0,600,24,20,MINOR,50,2,1,5,8,8,1,,2002,1,1,1,1,1,1,100,200,1,100,1,1,0,1,0,1,50,1,0,,,,,,,,,,,,,,,1,0,,,1000
BERKLEY,58,5,5280,27,2,,3,0,0,0,,,65340,0,0,0,1,,0,1,0,0,0,,,0,,,,,,,,,,0,,,,,,,,0,,1,10,,,,0,0,0,0,0,0,0,1,1,,0,,1,1,1,200,0,2207,1,2000,,0,500,26,24,SECONDARY,50,2,1,,8,8,0,,,,,,,,,,,,,,,,,,,,,1,2003,0,5,110,330,0,20,600,20,50,100,1,0,0,0,,,,
TAUNTON,59,5,69170,293,6,,7,0,2,1,10,5000,7260,2,0,0,10,,4,3,0,0,2,2,1,2,1,1,,,,3,10,15000,,1,4,1,1,0,2000,0,0,1,125,1,6,2000,,,0,0,0,0,0,0,0,1,1,85,0,,5,1,2,150,0,16868,1,1998,2000,0,1000,30,30,MINOR,50,2,2,6,6,6,1,2001,,1,1,1,1,1,0,100,100,1,100,1,1,0,1,1,1,25,1,0,,,,,,,,,,,,,,,3,0,,,2500
NORTON,60,5,49970,218,6,,4,0,0,0,,18000,,2,1,0,6,55,3,3,1,0,1,,0,2,,1,,,0,3,10,,35,2,3,1,0,0,2003,,,0,,0,,,,,,,,,,,0,1,1,100,1,22,1,1,3,150,0,4565,1,2001,,0,1000,26,24,LOCAL,50,3,2,4,8,10,0,,,,,,,,,,,,,,,,,,,,,1,2002,0,5,110,330,0,60,,25,100,100,0,0,0,1,0,,,
MANSFIELD,61,5,38225,167,4,1,1,0,1,2,10,10000,4356,1,1,0,12,55,2,3,1,0,2,1,0,2,,1,,,1,0,1.324433,7500,35,3,4,1,1,0,2004,0,0,1,115,0,,1997,1,2007,1,1,0,0,0,0,0,1,1,50,0,,4,1,2,200,0,2078,1,,2002,0,650,24,24,MINOR,50,3,2,5,9,9,1,1999,,1,0,0,1,1,,100,100,1,100,1,0,,1,0,1,25,0,1,2002,0,5,110,330,0,20,,10,50,100,0,0,0,2,0,,,100
FOXBOROUGH,62,21,24820,99,2,,1,0,2,2,,15000,,2,0,0,8,,5,2,0,0,0,,,2,1,1,1980,,0,,7.5,20000,45,0,,,,,,,,0,,0,,,,,,,,,,,0,0,0,,0,,5,1,1,200,0,2034,1,,,0,800,24,20,RESIDENTIAL,50,3,2,5,6,6,1,1980,1993,1,1,1,0,1,0,100,,1,100,0,0,,0,0,1,25,0,1,1994,0,6,110,330,0,60,,10,150,150,0,0,0,1,0,,,0
SHARON,63,21,60785,266,5,0,5,1,2,2,5,10000,2000,1,1,0,13,60,2,8,1,1,2,2,1,2,1,4,1972,,1,3,5,20000,40,1,,0,1,0,,,,1,50,0,,2000,0,,0,1,0,0,0,0,0,1,0,90,0,,4,1,4,175,0,1480,1,,,1,1000,24,22,MINOR,50,3,2,5,7,8,1,1986,,1,1,1,1,1,1,200,200,1,100,1,1,0,1,1,1,100,1,1,2004,1,5,110,330,1,30,,20,125,125,0,0,0,0,,,,
WALPOLE,64,21,72495,307,2,,2,0,2,0,,30000,,2,0,0,9,,2,4,1,0,0,,,2,1,1,1989,1996,0,0,20,15000,40,0,,,,,,,,1,85,1,5,,1,2006,0,1,1,1,1,1,0,1,1,60,4,,1,1,2,200,1,2299,1,1950,2001,0,750,26,26,LOCAL,46,3,2,,7,7,1,1998,,1,1,1,1,1,0,100,100,1,100,0,1,1,0,0,1,25,1,1,2004,1,5,110,330,0,60,,10,150,100,0,0,0,3,1,2,1,1981
MEDFIELD,65,21,39765,175,1,1,,0,0,0,,24000,,0,0,0,8,,3,4,0,0,1,2,0,2,1,2,1980,,0,,2.754821,12000,25,0,,,,,,,,0,,0,,,,,,,,,,,0,1,1,100,5,,1,1,1,180,0,315,1,,,0,500,24,24,RESIDENTIAL SECONDARY,50,3,1,,6,6,1,1982,1999,1,1,1,1,1,0,100,100,1,100,1,1,0,1,0,1,50,1,1,1995,0,6,110,440,1,60,,10,50,100,0,0,1,2,0,,,2000
DOVER,66,21,17405,78,2,,1,0,0,0,8,,,0,1,0,8,55,1,3,1,1,2,2,0,0,,,,,,,,,,2,3,0,0,0,1990,0,0,0,,0,,,,,,,,,,,0,1,0,75,5,,1,1,,200,0,1419,1,1947,2002,1,0,22,22,MINOR,52,2,0,,10,10,1,1986,1994,1,1,1,0,1,0,100,100,1,100,1,1,0,0,1,1,50,1,1,2004,1,5,110,330,0,25,,20,50,100,1,1,1,0,,,,
NORWOOD,67,21,50250,220,4,0,2,1,1,0,,5000,,2,0,0,13,,4,6,0,1,0,,,2,,1,,,0,,,,,0,,,,,,,,0,,0,,,,,,,,,,,0,1,0,75,0,,1,0,0,125,0,668,1,1991,2002,1,600,26,26,LOCAL RESIDENTIAL,55,3,2,,8,8,1,1980,1997,1,1,0,0,0,,,,1,100,1,0,,0,1,1,50,0,0,,,,,,,,,,,,,,,4,0,,,1000
WESTWOOD,68,21,78690,335,2,,4,0,0,0,5,12000,9680,2,1,0,11,62,5,6,1,1,2,2,0,2,1,4,,2004,1,2,5,20000,20,1,,0,1,0,,1,386,0,60,0,10,,1,1998,1,,,,,1,0,1,1,75,0,,1,1,1,175,0,916,1,1998,,1,500,26,26,MINOR,50,3,2,6,8,8,1,1989,2000,0,1,1,1,1,0,100,100,1,100,0,0,,0,0,1,35,1,0,,,,,,,,,,,,,,,4,0,,,300
NEEDHAM,69,21,44105,199,4,0,2,0,2,0,,10000,2420,2,0,0,17,,7,7,0,1,0,,,2,1,1,1985,,0,2,1.147842,5000,40,0,,,,,,,,0,,0,,,,,,,,,,,0,1,0,,3,20,1,1,2,150,0,606,1,1962,2004,1,1200,24,18,NA,50,2,2,4.5,8,10,1,1988,1995,1,1,1,0,1,0,100,100,1,100,1,1,1,0,1,1,25,1,0,,,,,,,,,,,,,,,4,1,,0,150
WELLESLEY,70,21,74175,317,1,0,1,1,0,2,,10000,,1,1,0,15,62,4,8,1,1,0,,,2,0,1,1972,,0,2,10,10000,,2,,1,0,0,2004,0,0,0,,0,,,,,,,,,,,0,0,0,,3,20,1,1,2,200,0,2209,1,1993,,1,500,40,40,NA,54,2,2,,9,9,1,2002,2004,1,1,1,1,1,1,100,100,1,100,0,0,,0,0,1,25,0,1,2003,0,6,110,330,0,60,,10,50,100,1,1,0,4,0,,,
WESTON,71,17,77255,333,2,,1,1,0,0,,240000,10000,2,0,0,10,,4,6,0,1,2,2,0,2,1,1,1994,,0,0,,20000,,0,,,,,,,,0,,0,,,,,,,,,,,0,1,0,,5,,2,1,4,250,0,1114,1,1955,2002,1,0,24,24,NA,50,1,1,5,6,6,0,,,,,,,,,,,,,,,,,,,,,1,2002,1,5,165,495,0,60,,10,100,100,0,1,1,0,,,,
LAKEVILLE,72,23,33920,146,0,,,0,0,0,,,,0,0,0,4,,4,1,0,0,1,2,0,0,,,,,,,,,,0,,,,,,,,0,,0,,,,,,,,,,,0,1,1,75,4,,1,1,1,200,0,2616,1,,2001,0,750,24,24,MINOR,50,2,1,5,6,6,0,,,,,,,,,,,,,,,,,,,,,1,1986,0,5,110,330,0,20,150,10,50,100,1,0,0,0,,,,
RAYNHAM,73,5,56060,245,1,1,,0,0,0,,51560,,2,0,0,10,,2,4,0,1,0,,,1,1,,1998,2003,1,1,5,,40,2,1,0,2,0,2000,0,0,0,24,1,4,1998,1,2003,0,0,0,1,0,0,1,1,1,80,0,,1,1,3,150,0,3257,1,1955,1999,0,,24,24,ACCESS,50,3,2,4,8,9,0,,,,,,,,,,,,,,,,,,,,,1,2003,1,5,165,495,0,30,600,10,50,100,1,0,0,4,0,,,4000
EASTON,74,5,20100,88,1,0,4,0,2,0,,60000,,2,0,0,7,,2,2,1,0,0,,,2,1,4,2000,,0,,5,10000,60,0,,,,,,,,0,,0,,,,,,,,,,,0,1,1,100,0,,1,1,2,150,0,5332,1,,,0,1200,28,24,MAJOR,50,3,2,,6,6,1,1986,,0,0,1,1,1,0,100,100,1,100,1,1,0,1,1,1,50,1,1,1998,1,5,110,330,0,60,,10,50,100,0,0,0,0,,,,
STOUGHTON,75,21,67945,285,4,0,2,1,0,1,,10000,2500,1,0,0,10,,1,5,0,0,2,2,1,2,,1,1975,,0,0,30,25000,20,0,,,,,,,,0,,0,,,,,,,,,,,0,1,0,75,1,30,1,1,1,150,0,824,1,,2001,0,500,30,30,MINOR,50,2,2,,9,9,0,,,,,,,,,,,,,,,,,,,,,1,1976,0,5,110,330,0,60,600,10,50,100,0,0,0,3,1,,1,0
CANTON,76,21,11315,50,7,0,4,1,2,0,10,10000,2000,1,1,0,9,55,3,6,1,1,2,2,0,2,0,1,1998,2003,0,1,2.295684,5000,30,2,,0,0,0,2002,0,0,0,,0,,,,,,,,,,,0,1,0,44.44444,1,23,,0,0,75,0,2753,1,1998,,1,1000,22,18,RESIDENTIAL,50,3,2,,8,8,1,1980,1997,1,0,1,1,1,0,100,100,1,100,1,1,0,1,1,1,30,1,1,,0,5,110,330,0,20,,10,50,100,1,0,0,3,0,,0,1000
DEDHAM,77,21,16495,73,2,,4,1,0,2,,100000,,2,0,0,11,,4,4,0,1,1,2,0,2,0,4,1995,,,,,,20,0,,,,,,,,0,,0,,,,,,,,,,,0,1,1,80,0,,5,1,1,150,0,930,1,,2001,1,1000,22,18,RESIDENTIAL,50,3,2,6,8,8,1,1996,2002,1,0,1,1,1,0,100,100,1,100,1,1,0,1,1,1,50,1,0,,,,,,,,,,,,,,,4,1,,1,500
NEWTON,78,17,45560,207,2,,3,0,1,2,,10000,1000,2,0,0,18,,1,7,0,1,2,3,0,2,1,3,1987,1994,1,0,5,7000,,2,,1,1,0,1977,,85,0,,0,,,,,,,,,,,0,0,0,,3,30,1,0,0,140,0,1158,1,1978,1997,0,500,24,24,NA,45,3,2,,12,12,1,1985,,1,1,0,0,0,,,,0,,1,0,,0,1,0,,0,0,,,,,,,,,,,,,,,4,0,,,3000
WALTHAM,79,17,72600,308,4,0,3,1,1,2,,6000,2000,1,0,0,14,,4,9,0,1,2,2,0,2,,3,,,0,2,5,,35,3,3,1,1,0,1991,,,0,,0,,,,,,,,,,,0,0,0,,0,,2,0,0,100,0,1162,1,1997,,0,500,30,30,RESIDENTIAL,50,3,2,10,7,7,0,,,,,,,,,,,,,,,,,,,,,0,,,,,,,,,,,,,,,5,1,4,0,10
LEXINGTON,80,17,35215,155,2,,4,0,0,2,2.869605,15500,,2,0,0,13,,2,5,0,1,1,,0,2,1,4,1985,1996,1,2,1.147842,,,1,,0,1,1,1984,,6,0,,0,,,,,,,,,,,0,1,1,90,4,,2,1,1,150,1,931,1,1948,1993,1,650,24,20,LOCAL,50,2,1,,8,8,1,1977,2002,1,1,1,1,1,1,100,200,1,100,1,0,,1,1,1,50,1,1,1999,1,5,110,330,0,60,,10,50,150,0,0,0,4,0,,,0
BEDFORD,81,17,4615,23,2,,4,0,1,0,4,10000,,2,1,0,10,55,2,4,1,0,1,,0,2,1,1,1980,,1,2,2.869605,8712,25,3,,0,1,0,2002,1,,0,100,1,5,1989,,,0,0,0,0,0,0,0,1,0,65,0,,1,1,2,200,0,1046,1,,1990,1,500,24,24,NA,40,3,1,5,8,8,1,1987,1995,1,0,1,1,1,0,100,100,1,100,1,1,0,1,1,1,25,1,0,,,,,,,,,,,,,,,4,1,4,0,50
BURLINGTON,82,17,9840,48,1,0,1,0,0,0,,120000,15000,2,1,0,11,55,5,3,1,1,1,,0,2,1,1,1972,,1,2,10,19800,40,1,,1,1,1,1988,,,0,,0,,,,,,,,,,,0,1,0,100,0,,1,0,0,100,0,319,1,1988,2002,1,500,28,20,NA,40,3,2,4,8,8,1,2000,,0,1,0,0,0,,,,1,100,1,1,1,0,1,0,,0,0,,,,,,,,,,,,,,,5,1,11,0,0
BILLERICA,83,17,5805,31,2,,1,0,0,0,5,65340,6800,2,1,0,9,55,10,7,1,1,2,2,1,2,1,1,1992,2001,0,0,10,15000,40,3,4,0,2,1,2003,0,25,0,,0,,,,,,,,,,,0,1,1,50,4,,1,1,3,200,1,1748,1,1996,2002,0,1700,28,24,MAJOR,50,2,2,,6,10,1,2003,2003,1,1,1,1,1,1,200,200,1,100,1,1,0,1,0,1,50,1,1,2003,1,5,110,440,0,60,,10,50,100,0,1,1,3,0,,,2074
TEWKSBURY,84,17,69415,295,2,,1,0,0,0,4,43560,6223,0,1,0,12,55,4,5,1,1,1,,1,2,1,1,1985,2003,0,0,12,20000,66.66666,2,3,1,1,0,,0,0,0,,0,,,,,,,,,,,0,1,1,50,2,0.02525,1,1,2,200,1,1268,1,1998,2003,1,1000,32,24,LOCAL,50,2,2,5,10,10,1,1991,2002,1,1,1,0,1,0,100,,1,100,1,1,1,1,1,1,50,1,1,2000,1,5,110,330,0,20,,10,50,100,0,0,0,2,0,,,3000
PLYMOUTH,86,23,54310,239,6,,2,0,1,2,,20000,5445,2,0,0,17,,5,6,1,1,0,,,2,1,4,1988,,1,3,,15000,,0,,,,,,,,1,155,1,30,1999,1,2005,1,0,0,1,0,0,0,1,0,,0,,2,1,2,200,0,19897,1,1970,2004,1,500,26,26,MINOR,50,3,2,4,10,10,1,1989,,1,1,0,0,0,,,,1,100,1,1,0,1,0,1,25,1,1,2004,0,5,110,440,0,60,,20,75,100,0,0,0,2,0,,,1200
CARVER,87,23,11665,52,0,,,0,0,0,,,,2,0,0,7,,4,1,0,1,2,2,0,2,0,1,1998,,1,0,3,,20,2,2,0,0,0,,0,2,1,30,1,7,1998,1,2006,1,0,1,1,0,0,0,1,0,70,0,,3,1,1,200,0,7641,1,1970,2001,0,600,24,24,LOCAL,40,2,1,,6,6,1,1998,2002,1,0,0,0,0,,,,1,100,1,1,0,1,0,0,,1,1,2004,1,5,110,330,0,60,750,10,50,150,0,0,0,0,,,,
KINGSTON,88,23,33220,145,2,,1,0,0,2,5,10000,,2,0,0,10,,2,4,1,0,2,1,0,2,,1,2000,,1,3,10,,,3,4,1,1,0,2003,,,1,70,1,15,1996,0,,1,0,0,0,0,0,0,1,1,85,5,,3,1,1,200,0,3854,1,,1998,0,650,22,22,LOCAL,40,3,0,4,8,8,1,1977,2004,1,1,1,0,1,1,100,100,1,100,1,1,0,1,1,1,25,1,1,2002,0,5,110,330,0,60,800,15,50,125,0,0,0,1,0,,,10854
MIDDLEBOROUGH,89,23,40850,182,2,,2,0,2,2,,20000,,0,0,0,8,,4,3,0,0,2,2,1,2,,1,1996,,0,0,5,30000,40,0,,,,,,,,0,,0,,,,,,,,,,,0,1,1,,1,30,3,1,2,200,0,10588,1,1999,,0,500,24,22,MINOR,50,2,1,,6,7,0,,,,,,,,,,,,,,,,,,,,,1,,0,5,110,330,0,30,,10,50,100,0,0,0,2,1,2,1,325
PLYMPTON,90,23,54415,240,2,,3,0,0,0,10,,10890,0,1,1,4,62,3,1,1,1,0,,,0,,,,,,,,,,0,,,,,,,,0,,0,,,,,,,,,,,0,1,0,50,0,,,1,1,200,0,2844,1,1986,,1,800,28,28,LOCAL,50,3,2,,8,8,0,,,,,,,,,,,,,,,,,,,,,1,,1,5,110,440,1,60,,30,50,200,0,0,0,0,,,,
HALIFAX,91,23,27795,118,2,,2,0,0,0,10,,43560,0,0,0,5,,2,1,0,0,2,2,1,0,,,,,,,,,,0,,,,,,,,1,40,1,5,1998,1,2008,0,0,0,0,0,1,1,1,1,100,4,,1,1,1,150,0,2380,1,2001,,0,1000,26,26,MINOR,50,2,2,4,6,6,1,1989,,1,0,0,0,0,,,,1,100,1,1,0,1,1,1,50,1,1,2003,0,5,110,330,,60,,10,50,100,0,0,0,0,,,,
DUXBURY,92,23,17895,82,3,,4,0,0,0,5,21780,7260,2,0,0,9,,3,4,0,1,2,2,0,2,0,4,,2003,0,3,5,40000,25,2,4,1,0,0,2003,0,0,0,,0,,,,,,,,,,,0,1,1,100,4,,5,1,1,200,0,3107,1,1950,2004,1,1000,22,14,SECONDARY,50,2,1,4,6,10,1,,2003,1,1,1,1,1,0,100,100,1,100,1,1,0,1,1,1,50,0,1,2000,1,6,110,330,1,60,,10,150,150,0,0,0,1,0,,,0
BRIDGEWATER,93,23,8085,42,0,,,0,0,0,,,,0,0,0,10,,2,5,1,0,0,,,2,1,1,1989,,,0,10,9250,,0,,,,,,,,0,,0,,,,,,,,,,,0,1,1,50,5,,,1,1,150,0,7610,1,,,0,1500,28,28,RESIDENTIAL,40,3,2,,5,5,1,1990,,0,1,0,0,0,,,,1,100,1,1,0,1,0,0,,1,1,1989,0,5,110,330,0,20,1000,10,75,150,1,0,1,2,1,3,0,4000
WEST BRIDGEWATER,94,23,75260,322,0,,,0,0,0,,,,0,0,0,3,,2,1,0,0,2,2,0,0,,,,,,,,,,0,,,,,,,,0,,0,,,,,,,,,,,0,1,1,90,0,,3,1,1,150,0,4200,1,,,0,1500,30,24,MINOR,50,3,2,5,8,11,1,1989,,1,0,0,0,0,,,,1,100,1,1,0,1,1,1,50,1,1,,0,5,110,330,0,60,,10,50,100,0,0,0,0,,,,
EAST BRIDGEWATER,95,23,18455,83,4,0,2,0,0,0,,25000,7500,2,0,0,10,,4,5,0,0,0,,,2,,1,1987,,0,2,10,,30,0,,,,,,,,0,,1,8,1998,,,1,0,1,1,0,1,0,1,0,50,5,,,1,1,150,0,5580,1,,2001,0,900,20,20,MINOR,40,2,1,4,10,10,0,,,,,,,,,,,,,,,,,,,,,0,,,,,,,,,,,,,,,0,,,,
HANSON,96,23,28495,123,2,,4,1,2,0,,30000,,2,0,0,6,,3,4,1,1,0,,,0,,,,,,,,,,0,,,,,,,,0,,0,,,,,,,,,,,0,1,0,90,0,,1,1,3,175,0,3907,1,1954,1990,1,500,26,20,LOCAL,40,3,1,,10,10,1,1989,,1,1,1,1,1,0,100,100,1,100,1,1,0,1,1,1,50,1,1,,0,5,110,330,0,60,,10,50,100,0,0,0,0,,,,
PEMBROKE,97,23,52630,231,2,,2,0,0,0,,120000,10000,0,0,0,6,,6,2,0,0,2,2,1,0,,,,,,,,,,0,,,,,,,,0,,0,,,,,,,,,,,0,1,1,80,2,55,,1,1,150,0,1609,1,,2000,0,2000,,,MINOR,,2,2,,10,10,0,,,,,,,,,,,,,,,,,,,,,1,1995,0,5,150,450,0,30,,10,75,100,0,0,0,0,,,,
MARSHFIELD,98,23,38855,171,6,,1,0,2,0,6,10000,5445,2,1,1,11,55,5,4,1,0,2,2,0,2,1,1,1997,2004,1,3,5,5445,20,2,4,1,1,0,2003,1,,0,,0,,,,,,,,,,,0,1,1,80,4,,1,0,0,125,0,2015,1,1955,1998,0,600,20,18,TYPE C,46,3,2,5,8,8,1,,,1,1,1,0,1,0,100,100,1,100,1,0,,1,1,1,75,1,1,2000,1,5,110,400,0,20,,20,100,200,0,0,0,2,0,,,0
BROCKTON,99,23,9000,44,4,0,2,0,0,2,,12000,1200,0,0,0,14,,3,6,1,0,0,,,0,,,,,,,,,,0,,,,,,,,0,,0,,,,,,,,,,,0,1,0,60,0,,4,1,3,175,0,3631,1,1957,2000,0,700,34,34,RESIDENTIAL,50,3,2,8,12,12,0,,,,,,,,,,,,,,,,,,,,,0,,,,,,,,,,,,,,,4,0,,,250
SCITUATE,100,23,60330,264,1,1,1,0,0,0,,10000,5000,2,0,0,8,,6,5,0,1,2,1,0,2,1,1,,,1,2,1.836547,10000,30,2,2,0,0,0,,1,,0,,0,,,,,,,,,,,0,1,0,100,0,,1,0,0,100,0,2890,1,1946,2003,1,600,24,24,MINOR,42,3,1,5,9,9,1,1988,2003,1,1,1,1,1,0,250,250,1,100,0,0,,0,0,1,50,1,1,1997,0,5,110,330,0,60,,10,50,100,0,0,0,2,0,,,
NORWELL,101,23,50145,219,0,,,0,0,1,,43560,,2,0,0,5,,6,2,1,1,2,2,0,2,1,1,1999,,,2,40,43560,50,0,,,,,,,,0,,0,,,,,,,,,,,0,1,0,100,4,,1,0,0,80,0,2395,1,,,0,500,26,26,MINOR,50,2,1,5,9,9,1,1980,2002,1,1,1,1,1,0,100,100,1,100,1,1,0,1,0,1,50,1,1,2004,1,5,110,330,0,60,,10,100,100,1,0,0,0,,,,
HANOVER,102,23,28285,122,0,,,0,0,0,,,,2,0,0,7,,4,1,1,0,0,,,2,1,1,,,,2,20,11000,25,0,,,,,,,,0,,1,10,,,,0,0,0,0,0,0,0,1,0,90,0,,1,1,1,150,0,2295,1,,,0,1000,26,26,MINOR,50,3,2,4,8,8,1,1996,2001,1,1,1,1,1,1,200,200,1,100,1,1,0,1,0,1,50,1,1,1998,0,5,110,330,0,60,1000,10,100,150,0,0,1,0,,,,
ROCKLAND,103,23,57775,251,5,0,2,0,1,2,20,43560,2904,0,0,0,11,,1,4,1,0,2,2,1,2,1,1,1980,,,1,20,2904,35,0,,,,,,,,0,,0,,,,,,,,,,,0,1,0,67,0,,1,0,0,110,0,1083,1,1990,2001,0,600,30,30,LOCAL RESIDENTIAL,50,3,2,,10,10,1,,,0,0,0,0,0,,,,0,,1,0,,1,0,0,,0,0,,,,,,,,,,,,,,,4,0,,,2000
WHITMAN,104,23,79530,338,2,,2,1,0,0,,87000,6000,2,0,0,7,,1,3,0,0,2,2,1,0,,,,,,,,,,0,,,,,,,,0,,0,,,,,,,,,,,0,1,0,75,0,,1,1,1,150,0,1713,1,,,0,800,24,24,RESIDENTIAL,40,2,1,4,10,10,0,,,,,,,,,,,,,,,,,,,,,0,,,,,,,,,,,,,,,4,0,,,840
ABINGTON,105,23,170,1,2,,4,0,1,1,10,12500,10000,1,0,0,9,,2,5,0,0,0,,,0,,,,,,,,,,0,,,,,,,,0,,1,20,2001,,,0,0,0,0,0,0,0,1,1,50,0,,1,0,0,120,0,1807,1,1972,2001,0,600,26,26,RESIDENTIAL/MINOR,52,3,2,,10,10,1,,2003,0,0,1,1,1,1,200,200,1,100,1,1,0,1,0,0,,1,0,,,,,,,,,,,,,,,4,1,3,0,150
COHASSET,106,21,14640,65,2,,1,0,1,2,10,5000,4356,2,1,0,9,55,3,4,1,0,2,2,0,2,1,1,1981,1987,0,2,10,,45,3,4,0,3,0,2002,,,0,,0,,,,,,,,,,,0,1,0,50,0,,5,0,0,50,1,1036,1,,2001,0,1500,,,RESIDENTIAL,40,2,,,6,6,1,1989,2001,1,0,1,1,1,0,100,100,1,25,1,1,0,1,1,1,50,1,1,2001,0,5,110,330,0,60,,10,50,100,0,0,0,2,0,,,0
HINGHAM,107,23,30210,131,2,,2,0,2,0,5,5000,5445,2,1,0,15,62,4,3,1,1,0,,,2,1,4,1990,2003,1,2,5,,40,1,,0,2,1,2003,1,,0,,0,,,,,,,,,,,0,1,1,100,1,22,,1,3,150,0,1309,1,1941,2004,1,800,22,18,MINOR,46,2,1,,8,7,1,1978,1987,1,0,0,0,0,,,,1,100,1,0,,1,1,1,50,0,1,1998,1,6,110,330,0,60,,10,100,250,0,1,1,2,0,,,0
WEYMOUTH,108,21,78865,336,4,1,4,0,2,1,,7500,,0,0,0,14,,3,5,0,1,0,,,2,,1,1978,1995,0,,5,,,0,,,,,,,,0,,0,,,,,,,,,,,0,1,0,75,0,,1,0,0,120,0,2293,1,,,0,800,28,28,MINOR,40,2,1,,8,8,1,,,1,0,1,1,1,1,100,200,1,100,1,1,0,1,1,1,50,1,0,,,,,,,,,,,,,,,4,1,7,1,2310
HOLBROOK,109,21,30455,133,5,0,1,0,0,0,,25000,15000,2,1,0,10,,1,5,1,0,0,,,2,1,1,,,,3,,10890,40,2,3,0,0,0,2004,0,0,0,,0,,,,,,,,,,,0,0,0,,5,,,1,2,200,0,1635,1,1954,1998,0,500,26,26,SECONDARY,40,3,2,5,8,8,1,1994,2003,0,0,1,1,1,0,100,100,1,100,1,1,0,1,0,0,,1,0,,,,,,,,,,,,,,,3,0,,,0
AVON,110,21,2935,18,2,,1,0,0,0,,8000,8000,2,0,0,4,,2,2,0,0,0,,,2,,1,,,0,2,15,2178,10,0,,,,,,,,0,,0,,,,,,,,,,,0,0,0,,0,,1,1,2,200,0,765,1,1997,2001,0,600,30,30,RESIDENTIAL,50,3,2,5,8,8,1,1991,,0,0,0,1,1,,100,100,1,100,1,1,0,1,0,0,,1,1,,0,5,110,330,0,60,,10,50,100,1,0,0,0,,,,
BRAINTREE,111,21,7665,40,7,1,1,0,0,0,5,15000,,0,0,0,10,,6,7,0,0,0,,,2,1,1,1991,2001,,1,3,15000,25,0,,,,,,,,0,,0,,,,,,,,,,,0,0,0,,0,,5,0,0,100,0,570,1,1978,,0,400,28,28,TYPE I,50,3,2,,8,8,1,,2000,1,1,0,0,0,,,,1,100,0,1,0,0,0,1,25,1,0,,,,,,,,,,,,,,,4,1,1,0,720
RANDOLPH,112,21,55955,244,1,1,2,1,0,0,,43560,4356,1,1,0,7,55,3,3,1,0,1,,1,0,,,,,,,,,,0,,,,,,,,0,,0,,,,,,,,,,,0,0,0,,0,,,0,0,120,0,1005,1,1986,,0,600,24,24,SECONDARY,40,3,2,5.5,8,8,0,,,,,,,,,,,,,,,,,,,,,0,,,,,,,,,,,,,,,5,1,2,1,1500
QUINCY,113,21,55745,243,7,0,2,0,2,0,2.295684,6750,2000,0,0,0,13,,1,7,0,1,0,,,2,1,3,1972,,,1,2.295684,2000,,1,,1,1,1,2001,1,100,0,,0,,,,,,,,,,,0,0,0,,0,,3,0,0,85,0,757,1,,,0,500,24,24,NA,40,3,2,,10,10,1,1987,,1,0,0,0,0,,,,1,100,1,1,0,1,0,0,,1,0,,,,,,,,,,,,,,,5,0,,,300
MILTON,114,21,41690,189,2,,1,0,2,2,25,7500,,2,1,0,9,62,3,8,1,1,2,2,1,2,0,1,1970,,0,2,10,10000,35,0,,,,,,,,0,,0,,,,,,,,,,,0,0,0,,0,,2,1,4,200,0,870,1,1966,2004,1,650,32,32,NA,50,3,2,4.5,8,8,1,1962,2000,1,0,0,0,0,,,,1,100,1,1,0,1,0,1,25,0,0,,,,,,,,,,,,,,,4,1,4,1,4000
BROOKLINE,115,21,9175,46,4,0,2,0,1,2,,5000,3000,2,0,0,29,,1,17,0,1,0,,,2,,2,1972,,1,2,2,7500,,3,,1,1,0,1987,,65,0,,0,,,,,,,,,,,0,0,0,,0,,4,0,0,25,0,1030,0,,,,,,,,,,,,,,0,,,,,,,,,,,,,,,,,,,,,0,,,,,,,,,,,,,,,5,0,,,0
WATERTOWN,116,17,73440,314,4,0,2,0,1,1,,5000,800,2,0,0,13,,7,7,0,1,0,,,2,,2,1972,,1,1,0.9182736,10000,15,2,,1,0,0,2000,,13,0,,0,,,,,,,,,,,0,0,0,,0,,3,0,0,80,0,720,0,,,,,,,,,,,,,,1,1986,1987,1,0,0,0,0,,,,1,150,1,1,0,1,1,1,50,1,0,,,,,,,,,,,,,,,5,0,,,375
CAMBRIDGE,117,17,11000,49,7,0,4,0,1,1,0.9182736,900,,2,0,0,43,,11,12,1,1,2,2,0,2,,1,1980,,,3,0.9182736,600,15,3,4,1,1,1,,,,0,,0,,,,,,,,,,,0,0,0,,0,,1,0,0,20,0,,0,,,,,,,,,,,,,,0,,,,,,,,,,,,,,,,,,,,,0,,,,,,,,,,,,,,,5,,,,
SOMERVILLE,118,17,62535,274,5,0,4,0,2,2,1.721763,7500,875,1,0,0,14,,7,6,0,1,0,,,2,1,1,2000,2004,1,3,1.721763,1000,50,2,,1,1,1,1991,,125,0,,0,,,,,,,,,,,0,0,0,,0,,1,0,0,50,0,,0,,,,,,,,,,,,,,0,,,,,,,,,,,,,,,,,,,,,0,,,,,,,,,,,,,,,5,1,4,0,0
WINTHROP,119,25,80930,346,2,,1,0,2,0,,20000,2000,2,0,0,7,,0,3,0,0,0,,,0,,,,,,,,,,0,,,,,,,,0,,0,,,,,,,,,,,0,0,0,,0,,1,0,0,75,0,,1,1957,,0,500,,,NA,40,3,2,8,12,12,1,1993,,0,0,1,0,1,0,,,1,100,0,0,,0,0,0,,1,0,,,,,,,,,,,,,,,5,,,,
CHELSEA,120,25,13205,57,4,1,2,0,1,1,,5000,1245,2,0,0,11,,4,3,0,1,0,,,0,,,,,,,,,,2,,0,0,0,,,,0,,0,,,,,,,,,,,0,0,0,,0,,1,0,0,60,0,,1,1995,,0,,32,32,MINOR,50,3,2,9,7,7,0,,,,,,,,,,,,,,,,,,,,,0,,,,,,,,,,,,,,,5,0,,,0
EVERETT,121,17,21990,93,1,1,5,0,2,1,,5000,,0,0,0,6,,1,2,0,1,0,,,0,,,,,,,,,,0,,,,,,,,0,,0,,,,,,,,,,,0,0,0,,0,,4,0,0,30,0,,1,,,0,,30,30,NA,40,3,2,,,,0,,,,,,,,,,,,,,,,,,,,,0,,,,,,,,,,,,,,,5,0,,,150
REVERE,122,25,56585,248,4,1,3,0,2,0,,4000,,2,0,0,17,,2,9,0,1,0,,,0,,,,,,,,,,0,,,,,,,,0,,0,,,,,,,,,,,0,1,0,,0,,1,0,0,80,0,2748,1,,,0,,26,24,MINOR,50,2,2,,8,8,1,,,0,1,0,0,0,,,,1,100,1,1,0,1,0,0,,0,0,,,,,,,,,,,,,,,4,0,,,
NAHANT,123,9,43580,196,0,,,0,0,0,,,,0,0,0,6,,1,2,0,0,0,,,0,,,,,,,,,,0,,,,,,,,0,,0,,,,,,,,,,,0,0,0,,5,,1,0,0,125,1,47,1,1995,2001,0,500,22,22,MINOR,32,3,2,4,12,12,0,,,,,,,,,,,,,,,,,,,,,0,,,,,,,,,,,,,,,5,0,,,250
BELMONT,124,17,5070,26,2,,4,0,0,2,,7000,,2,1,0,11,55,3,6,1,1,0,,,3,1,2,1998,2003,1,2,1.928375,,25,2,4,1,1,0,2003,0,0,0,,0,,,,,,,,,,,0,1,0,90,1,22,5,0,0,125,0,931,0,,,,,,,,,,,,,,0,,,,,,,,,,,,,,,,,,,,,0,,,,,,,,,,,,,,,5,1,5,1,0
ARLINGTON,125,17,1605,10,2,,4,0,1,2,,5000,550,2,0,0,19,,2,9,0,1,0,,,2,1,1,1983,1991,,,0.6887052,,,2,,1,0,1,2001,,6,0,,0,,,,,,,,,,,0,0,0,,0,,4,0,0,100,0,170,0,,,,,,,,,,,,,,1,1989,2001,1,1,0,1,0,,,,1,100,1,1,1,0,1,1,25,1,0,,,,,,,,,,,,,,,5,0,,,0
MEDFORD,126,17,39835,176,1,1,,0,1,0,,10000,600,1,0,0,12,,1,6,0,1,0,,,0,,,,,,,,,,0,,,,,,,,0,,0,,,,,,,,,,,0,0,0,,0,,1,0,0,35,0,607,1,1972,1988,0,200,30,30,NA,50,3,2,,7,7,0,,,,,,,,,,,,,,,,,,,,,0,,,,,,,,,,,,,,,5,0,,,100
MALDEN,127,17,37875,165,1,0,,0,1,0,,12000,1200,1,0,0,8,,1,5,0,1,0,,,2,,1,,,,,50,,,0,,,,,,,,0,,0,,,,,,,,,,,0,0,0,,0,,1,0,0,50,0,2307,1,,,0,500,35,26,CLASS B,55,3,2,5,10,10,0,,,,,,,,,,,,,,,,,,,,,0,,,,,,,,,,,,,,,5,0,,,50
WINCHESTER,128,17,80510,344,6,,2,0,2,0,5,10000,2178,2,1,0,14,55,6,8,1,0,0,,,2,,2,1980,,1,3,10,12500,25,1,,1,1,0,,1,3,0,,0,,,,,,,,,,,0,1,0,80,3,25,1,0,0,100,0,404,1,1953,1988,0,600,26,26,MINOR,40,3,0,,10,10,1,1987,2004,0,1,0,0,0,,,,1,100,1,1,1,0,1,0,,1,0,,,,,,,,,,,,,,,5,1,4,1,2000
STONEHAM,129,17,67665,284,2,,1,1,2,0,,10000,,1,0,0,11,,3,2,0,0,2,1,1,0,,,,,,,,,,0,,,,,,,,0,,0,,,,,,,,,,,0,0,0,,0,,3,0,0,90,0,420,1,,1988,0,,32,32,NA,50,3,2,,9,9,1,2004,,0,0,1,1,1,1,100,200,1,100,1,1,0,1,0,0,,1,0,,,,,,,,,,,,,,,4,1,4,0,0
MELROSE,130,17,40115,178,7,0,1,0,1,0,5,5000,2833,1,0,0,14,,1,7,0,1,2,2,1,2,,1,1972,1974,0,3,5,726,20,1,,0,1,0,2004,0,0,0,,0,,,,,,,,,,,0,1,1,60,0,,1,0,0,110,0,1419,1,1958,1992,0,500,32,32,NA,50,3,2,,10,10,0,,,,,,,,,,,,,,,,,,,,,0,,,,,,,,,,,,,,,5,0,,,0
SAUGUS,131,9,60015,262,5,0,2,1,0,0,10,10000,2500,1,1,0,10,55,2,4,1,1,0,,,2,,4,1972,,0,1,10,2178,50,0,,,,,,,,0,,0,,,,,,,,,,,0,0,0,,0,,1,0,0,100,1,781,1,1998,2004,1,500,34,24,MINOR,50,3,2,5,7,9,1,1998,,1,1,1,1,1,1,200,200,1,100,1,1,0,1,1,1,30,1,0,,,,,,,,,,,,,,,5,1,2,0,330
LYNN,132,9,37490,163,7,0,3,0,2,0,1.37741,15000,,1,0,0,10,,1,5,0,0,0,,,2,0,3,,2001,0,1,1.37741,,15,0,,,,,,,,0,,0,,,,,,,,,,,0,0,0,,0,,1,0,0,75,0,4239,1,1956,2001,0,500,34,34,NA,50,2,2,8,12,12,1,2000,2001,1,0,1,1,1,1,100,100,1,100,1,1,1,1,1,1,25,1,0,,,,,,,,,,,,,,,5,,,,50
SWAMPSCOTT,133,9,68645,291,2,,2,0,0,0,,15000,,0,0,0,6,,3,3,0,0,0,,,0,,,,,,,,,,0,,,,,,,,0,,0,,,,,,,,,,,0,1,1,80,0,,2,0,0,125,0,636,1,,2000,0,500,28,28,NA,44,3,2,6,8,8,0,,,,,,,,,,,,,,,,,,,,,0,,,,,,,,,,,,,,,5,0,,,10
MARBLEHEAD,134,9,38400,168,2,,1,0,1,2,,4000,5000,2,1,0,15,55,2,9,0,0,0,,,0,,,,,,,,,,1,2,1,1,0,1996,0,0,0,,0,,,,,,,,,,,0,0,0,,0,,2,0,0,100,0,261,1,1997,,0,500,24,24,MINOR,50,2,1,4,8,10,1,2001,,1,0,1,1,1,1,200,200,1,100,1,1,0,1,0,1,50,1,0,,,,,,,,,,,,,,,5,0,,,100
SALEM,135,9,59105,258,7,0,2,1,1,2,5,6000,3500,1,0,0,10,,2,4,0,0,0,,,2,1,1,1977,,1,1,5,,20,0,,,,,,,,0,,0,,,,,,,,,,,0,0,0,,0,,,1,,200,0,1205,1,1962,1987,0,500,24,24,MINOR,41,3,2,5,10,10,1,1988,,0,0,0,0,0,,,,0,,0,0,,0,0,0,,0,0,,,,,,,,,,,,,,,,,,,100
WOBURN,136,17,81035,347,2,,3,1,1,0,,17000,,2,0,0,14,,1,4,0,1,0,,,2,,3,1985,,1,,5,10000,30,1,,0,1,0,,,,0,,0,,,,,,,,,,,0,1,0,,4,,1,0,0,100,0,1100,1,2002,,0,600,26,26,MINOR,50,3,2,,8,8,1,1989,2001,1,1,0,0,0,,,,0,,1,1,0,0,1,1,15,1,0,,,,,,,,,,,,,,,4,1,10,1,1000
WAKEFIELD,137,17,72215,305,2,,4,0,2,2,,8000,1210,2,0,0,10,,3,5,0,1,2,2,1,2,,1,,,,0,10,8000,25,2,3,0,0,0,2002,,18,0,,0,,,,,,,,,,,0,1,1,75,1,24.61539,1,0,0,100,0,1072,1,,,0,600,26,26,MINOR,50,3,2,,8,8,0,,,,,,,,,,,,,,,,,,,,,0,,,,,,,,,,,,,,,4,1,3,1,50
WILMINGTON,138,17,80230,342,6,,4,0,2,2,10,10000,4000,2,1,0,8,55,4,5,1,1,2,2,0,2,1,1,2001,,1,3,8,16335,35,3,4,0,2,0,2003,0,0,0,,0,,,,,,,,,,,0,0,0,,5,,1,1,1,200,0,1226,1,1975,2004,1,500,32,32,MINOR,50,2,2,5,6,6,0,,,,,,,,,,,,,,,,,,,,,1,2004,1,5,110,440,1,60,600,10,50,100,1,1,0,1,1,4,1,500
READING,139,17,56130,246,5,1,2,0,0,2,1.37741,40000,2420,1,0,0,9,,8,7,0,1,2,2,0,2,1,1,1987,2004,,,1.37741,,,2,,1,0,0,1987,1,16,0,,0,,,,,,,,,,,0,1,0,50,5,,3,1,1,200,1,771,1,1997,,0,500,30,30,NA,60,3,2,,10,10,1,1980,2002,1,0,1,0,1,0,100,100,1,100,1,0,,0,1,1,25,1,0,,,,,,,,,,,,,,,4,1,2,0,5
LYNNFIELD,140,9,37560,164,1,0,,0,0,0,4,,1281,0,1,1,11,60,3,5,1,1,2,2,1,2,1,2,1972,1974,,0,25,26700,20,0,,,,,,,,0,,0,,,,,,,,,,,0,1,0,100,0,,1,1,4,210,0,442,1,1977,2001,0,500,26,26,ALL NON-PRINCIPAL,40,2,2,4,9,9,0,,,,,,,,,,,,,,,,,,,,,0,,,,,,,,,,,,,,,0,,,,
PEABODY,141,9,52490,229,7,0,3,1,0,2,20,10000,750,1,0,0,20,,4,9,1,1,2,3,1,2,1,1,1984,,1,3,5,6600,20,3,3,1,1,1,2003,,7,0,,0,,,,,,,,,,,0,0,0,,0,,1,0,0,125,1,3040,1,1975,,0,500,32,32,SECONDARY,50,3,2,5,6,9,1,2000,,1,1,1,1,1,1,200,200,1,100,1,1,0,1,1,1,100,1,0,,,,,,,,,,,,,,,5,0,,,100
BEVERLY,142,9,5595,30,7,0,7,0,1,2,10,3000,1000,2,1,0,16,55,3,9,1,1,2,2,1,2,1,2,1980,,0,3,5,,30,2,3,0,0,0,1988,0,0,0,,0,,,,,,,,,,,0,1,0,,0,,3,1,3,225,0,1714,1,1954,2004,0,500,32,24,SECONDARY,50,3,2,5,6,6,1,2001,,1,0,1,1,1,0,100,100,1,100,0,1,0,0,0,1,25,1,1,1981,0,5,110,330,0,60,800,10,50,100,0,0,0,4,0,,,100
DANVERS,143,9,16250,71,2,,4,0,1,2,8,30000,2723,0,1,0,17,55,3,6,1,1,0,,,2,,1,,,0,0,2,8000,30,0,,,,,,,,0,,0,,,,,,,,,,,0,0,0,,1,22,1,1,,150,0,1443,1,1979,,0,600,28,24,LOCAL RESIDENTIAL,54,2,1,,10,10,1,1988,2003,1,1,0,0,0,,,,1,100,1,1,1,0,1,1,35,1,0,,,,,,,,,,,,,,,4,0,,,100
NORTH READING,144,17,48955,213,6,,1,1,0,0,30,40000,3500,2,0,0,13,,3,7,0,0,0,,,2,1,1,1980,,0,1,30,20000,40,0,,,,,,,,0,,0,,,,,,,,,,,0,0,0,,0,,1,1,4,160,0,913,1,1944,1989,0,500,28,28,SECONDARY,50,3,2,5,9,9,1,1992,2001,1,0,1,1,1,0,100,100,1,100,1,1,1,1,1,1,12,1,1,1962,0,5,110,330,0,60,800,10,75,100,0,0,1,0,,,,
ANDOVER,145,9,1465,9,6,,4,0,2,2,10,15000,3500,2,0,0,11,,2,4,0,1,2,2,1,2,1,1,,,0,3,10,2000,30,2,1,0,0,1,1988,1,24,0,,0,,,,,,,,,,,0,1,1,100,0,,3,1,2,180,0,3590,1,,2003,1,1000,28,26,MAJOR,50,3,1,,6,8,1,1999,2002,1,1,1,1,1,0,100,100,1,100,0,1,1,0,0,1,50,1,0,,,,,,,,,,,,,,,3,0,,,0
NORTH ANDOVER,146,9,46365,210,7,1,4,0,1,2,10,12500,2500,1,1,0,17,55,2,7,1,1,2,2,1,2,1,1,1987,,1,3,1.37741,12500,20,1,,1,1,0,1988,1,,0,,1,8,,,,0,0,0,0,0,0,1,1,1,75,0,,1,1,2,175,0,2324,1,2000,2001,1,600,26,26,LOCAL,50,3,1,,8,8,1,1987,1998,1,1,1,1,1,1,100,100,1,100,0,1,0,0,0,1,50,1,1,1997,0,5,110,440,1,60,900,10,100,100,1,1,0,3,1,2,1,1000
BOXFORD,147,9,7420,38,2,,2,0,0,0,24,87120,,0,1,1,6,60,3,1,1,0,2,2,1,0,,,,,,,,,,0,,,,,,,,0,,1,8,1999,,,0,0,0,0,0,0,0,1,1,50,1,32,3,1,1,250,0,1847,1,1960,2004,0,1500,18,18,MINOR,50,3,0,,7,7,1,1986,1998,1,1,1,1,1,0,100,100,1,100,1,1,0,1,0,1,75,1,1,1996,0,5,165,495,0,60,,10,100,100,0,0,1,0,,,,
METHUEN,148,9,40710,181,6,,1,0,2,0,10,20000,7260,2,0,0,15,,1,7,0,0,2,2,1,2,1,1,,,1,3,10,,30,1,4,1,1,0,,0,0,0,,0,,,,,,,,,,,0,0,0,,0,,4,1,2,150,0,1723,1,,,0,500,25,25,SECONDARY,40,3,2,5,8,8,1,1983,,1,0,0,0,0,,,,1,100,1,1,0,1,1,1,50,1,0,,,,,,,,,,,,,,,4,0,,,500
HAVERHILL,149,9,29405,128,6,,5,1,0,0,10,5000,,0,0,0,14,,2,5,0,0,2,2,0,2,1,3,1972,2000,1,1,10,20000,30,2,3,1,1,0,2000,,,1,100,1,10,1997,1,2003,0,1,0,0,0,1,0,1,1,50,0,,1,1,4,200,0,6838,1,2000,,0,800,28,28,LOCAL ACCESS,50,3,2,5,7,7,1,1996,,0,1,1,1,1,0,100,100,1,100,1,1,1,1,1,1,50,0,1,1999,0,5,110,330,0,60,,10,50,100,1,0,1,4,0,,,1400
GROVELAND,150,9,27620,116,3,,1,1,0,2,5,,10890,2,0,0,7,,1,3,1,0,2,2,1,2,1,1,,2002,1,1,5,10890,50,3,3,1,1,0,2003,0,0,1,100,1,9,1996,1,2003,0,1,0,0,0,0,1,1,1,50,4,,1,1,2,150,0,1174,1,1998,,0,1200,24,24,MINOR,50,3,2,5,10,10,1,1995,,1,0,1,0,1,1,100,100,1,100,1,1,0,1,0,1,25,1,1,1997,0,5,150,450,0,30,,10,100,100,0,1,1,3,0,,,450
GEORGETOWN,151,9,25625,105,2,,4,0,0,2,5,30000,10890,0,1,0,8,55,5,4,1,0,2,2,1,2,,1,1970,,0,,20,20000,30,2,,0,0,0,1990,1,,1,20,1,5,1995,1,2005,1,1,0,0,0,0,0,1,1,20,0,,1,1,2,200,0,1284,1,1973,1995,0,1000,26,26,MINOR,50,3,1,5,6,6,1,1986,,1,1,1,0,1,1,100,100,1,100,1,1,0,1,1,1,75,1,1,1999,0,5,165,495,0,60,,10,100,100,1,1,1,0,,,,
MERRIMAC,152,9,40430,180,2,,1,0,2,2,,,5445,2,1,0,8,55,3,3,1,0,2,2,0,2,0,1,2004,,1,2,10,,50,3,4,0,1,0,2004,0,0,0,,1,6,1987,,,0,0,0,0,0,0,0,1,1,75,0,,1,1,3,200,0,606,1,1998,2003,0,400,35,35,SECONDARY,55,2,2,5,8,12,1,2003,,1,0,1,1,1,1,200,200,1,100,0,1,0,0,0,1,50,1,1,2000,0,5,150,450,0,60,800,10,50,100,0,1,0,2,0,,,2550
AMESBURY,153,9,1185,7,1,1,4,0,2,1,5,5000,,2,0,0,14,,10,6,0,1,2,2,1,2,1,1,1985,2002,1,2,5,10000,50,0,,,,,,,,1,48,1,8,2003,1,2005,1,1,0,0,0,1,1,1,0,,0,,1,1,1,200,0,3094,1,2002,,1,750,24,24,MINOR,50,3,2,4,10,10,1,,,0,1,1,1,1,1,,200,1,100,1,1,0,1,0,0,,1,1,2003,1,5,150,450,0,60,800,10,100,125,0,1,0,4,0,,,1500
SALISBURY,154,9,59245,259,1,1,1,0,0,0,,10890,,0,0,0,8,,2,3,0,0,2,2,0,2,1,1,,,1,0,10,,30,1,1,1,1,0,,0,0,0,,0,,,,,,,,,,,0,0,0,,0,,1,1,2,200,0,1125,1,1975,,0,600,30,30,TYPE I SUBDIVISION,50,3,1,,9,9,1,1989,,1,0,0,0,0,,,,1,100,1,1,1,1,1,1,50,1,1,,0,5,110,330,0,60,600,10,50,100,0,0,0,2,0,,,350
NEWBURYPORT,155,9,45245,206,6,,4,1,2,0,10,8000,,2,0,0,14,,3,3,0,1,2,2,1,2,1,1,1982,,0,1,10,,30,1,3,0,1,0,2002,1,,0,48,0,10,2002,1,2004,1,1,,,,1,0,1,0,,0,,1,1,1,300,0,866,1,1977,2001,0,600,24,20,LOCAL,50,3,1,,8,10,1,2001,,0,1,0,0,0,,,,0,,1,0,,0,1,0,,0,0,,,,,,,,,,,,,,,4,1,3,0,1000
WEST NEWBURY,156,9,77150,324,6,,1,0,0,0,10,80000,,0,1,0,5,,1,3,1,0,2,1,0,2,,1,2001,,1,1,10,,50,1,1,0,1,0,,,,0,,0,,,,,,,,,,,0,1,1,90,0,,1,1,3,200,1,2658,1,2001,,0,500,20,20,MINOR,50,2,2,4,9,9,0,,,,,,,,,,,,,,,,,,,,,1,2003,0,5,150,450,0,30,1000,20,100,110,1,0,1,0,,,,
NEWBURY,157,9,45175,205,3,,1,0,0,0,,40000,,2,0,0,7,,3,2,0,1,0,,,2,1,1,2001,2004,1,3,,,50,1,3,0,1,0,2001,0,0,0,,0,,,,,,,,,,,0,1,1,80,0,,1,0,0,125,0,2480,1,1961,2004,1,500,22,22,MINOR,50,3,1,,10,10,1,2001,,0,1,0,0,0,,,,0,,0,0,,0,,1,,0,1,1974,0,5,110,330,0,60,,10,50,100,0,0,0,1,0,,,
ROWLEY,158,9,58405,254,7,1,1,0,0,2,2,40000,,2,0,0,6,,2,1,0,0,2,2,1,2,1,1,,,1,3,5,,50,3,4,0,1,0,,0,0,1,24,1,4,1996,0,,0,1,0,0,0,1,0,1,0,75,2,39.6,3,1,1,150,0,2052,1,2001,,0,500,26,26,MINOR,55,2,2,4,12,12,1,2003,,0,0,1,1,1,1,100,100,1,100,0,0,,0,0,1,25,0,1,2002,0,5,150,450,0,60,,30,100,100,0,1,0,0,,,,
IPSWICH,159,9,32310,144,6,,1,0,2,0,60,10000,,2,1,0,10,55,4,4,1,1,2,2,1,2,1,1,1985,,1,3,4,,30,2,4,1,0,0,1997,1,,0,,0,,,,,,,,,,,0,0,0,,0,,2,1,,150,0,4281,1,1993,1999,0,600,24,18,LOCAL,50,2,1,,8,8,1,1990,,1,1,0,1,0,,,,1,100,0,0,,0,0,1,65,1,1,2002,1,5,150,450,0,20,,10,100,100,1,0,0,2,0,,,200
ROCKPORT,160,9,57880,252,2,,2,0,0,2,,10000,,2,0,0,6,,2,5,0,1,2,2,0,0,,,,,,,,,,2,,0,0,0,,,,0,,1,4,2000,,,0,0,0,0,0,0,0,0,0,,4,,2,1,1,150,0,1485,1,1962,1991,0,500,24,24,RESIDENTIAL,40,2,1,5,12,12,1,,1999,1,1,1,1,1,0,100,100,1,100,1,1,0,1,0,0,,1,1,1985,1,5,110,330,0,60,,10,100,100,0,0,1,4,1,,1,700
GLOUCESTER,161,9,26150,107,6,,3,1,0,0,3,5000,2500,2,0,0,16,,1,7,1,1,0,,,3,,1,2002,,1,1,3,5000,30,2,4,1,1,0,1991,,,0,,0,,,,,,,,,,,0,1,0,75,0,,2,0,0,100,0,4046,1,1960,1998,1,600,26,16,MINOR,50,2,2,,8,12,1,1990,,0,1,0,1,0,,,,0,,1,0,,0,1,0,,1,1,,0,5,110,330,0,60,,10,400,150,,0,0,3,0,,,3600
MANCHESTER,162,9,37995,166,2,,1,0,0,1,,6000,2904,2,0,0,7,,3,5,0,1,2,2,0,2,0,1,1984,,0,2,10,16500,30,0,,,,,,,,0,,0,,,,,,,,,,,0,0,0,,0,,2,1,3,150,0,1448,1,,2001,0,500,22,15,MINOR,50,1,1,,7,9,1,1987,2003,1,1,1,1,1,1,200,200,1,100,1,1,0,1,0,1,50,1,1,,0,5,110,330,1,60,,10,100,100,0,0,0,3,0,,,100
ESSEX,163,9,21850,92,2,,1,0,0,2,,40000,,0,0,0,1,,3,1,0,0,0,,,0,,,,,,,,,,0,,,,,,,,0,,0,,,,,,,,,,,0,1,0,100,0,,3,1,1,150,1,5698,1,,,0,1200,24,20,URBAN,44,3,1,5,8,8,0,,,,,,,,,,,,,,,,,,,,,1,1999,1,5,110,330,0,60,,10,50,100,0,0,0,0,,,,
HAMILTON,164,9,27900,119,3,,2,0,0,0,5,,6223,2,1,0,5,60,3,3,1,0,2,2,0,2,1,1,1985,,1,3,10,10000,40,0,,,,,,,,0,,0,,,,,,,,,,,0,1,1,50,4,,3,1,2,175,0,1484,1,,,0,500,32,32,MINOR,50,3,0,5,10,10,1,1985,2001,1,1,1,1,1,1,100,100,1,100,1,1,0,1,0,1,50,1,0,,,,,,,,,,,,,,,0,,,,
WENHAM,165,9,74595,320,2,,1,1,0,0,7.5,,,2,1,1,2,60,3,2,1,0,2,2,0,2,1,1,1990,,1,2,10,,20,3,3,1,1,0,1990,,12,0,,0,,,,,,,,,,,0,1,1,100,5,,,1,,170,0,1053,1,1984,2001,0,500,30,16,LOCAL,50,2,0,4.5,10,10,1,1988,1996,1,1,0,0,0,,,,1,100,1,1,0,0,1,1,75,1,0,,,,,,,,,,,,,,,0,,,,
MIDDLETON,166,9,41095,184,2,,1,1,0,2,,100000,20000,2,0,0,10,,3,4,1,1,0,,,2,,1,,,,,20,30000,50,0,,,,,,,,0,,1,7.5,,,,1,0,0,0,0,0,0,0,0,,0,,1,1,1,150,0,1876,1,,2001,0,500,26,26,MINOR,40,2,2,,9,9,0,,,,,,,,,,,,,,,,,,,,,1,2004,0,5,150,450,1,60,,10,100,100,1,1,0,1,0,,,
TOPSFIELD,167,9,70150,298,2,,1,0,2,0,10,20000,8712,0,1,0,7,55,2,4,1,0,1,1,1,2,1,1,,1997,0,,10,,50,0,,,,,,,,0,15,0,,1997,1,2001,,,1,,,,0,1,1,34,1,45.71429,1,1,2,200,0,1023,1,,,0,600,26,26,TYPE I SUBDIVISION,50,2,1,,8,8,1,1989,2003,1,0,1,1,1,0,100,100,1,100,0,0,,0,0,1,100,1,1,1987,0,5,200,600,1,20,600,10,50,100,0,0,0,0,,,,
HULL,168,23,31645,142,5,0,2,0,1,0,5,10000,2000,1,0,0,14,,2,7,0,0,0,,,0,,,,,,,,,,0,,,,,,,,0,,0,,,,,,,,,,,0,0,0,,0,,1,0,0,90,0,283,1,1988,2001,0,800,25,21,MINOR,46,2,1,,9,9,0,,,,,,,,,,,,,,,,,,,,,0,,,,,,,,,,,,,,,5,0,,,25
LAWRENCE,169,9,34550,149,7,1,4,0,2,2,,2250,1750,0,0,0,14,,1,6,0,0,0,,,0,,,,,,,,,,0,,,,,,,,0,,0,,,,,,,,,,,0,0,0,,5,,3,0,0,70,0,706,1,,2001,0,400,,,NA,50,3,1,,6,12,0,,,,,,,,,,,,,,,,,,,,,0,,,,,,,,,,,,,,,5,0,,,
WESTBOROUGH,170,27,75015,328,7,0,4,1,0,2,20,30000,1000,2,0,0,12,,4,5,0,0,0,,,2,1,1,,2004,1,3,5,8000,15,0,,,,,,,,0,,0,,,,,,,,,,,0,1,0,90,0,,1,1,5,200,0,1755,1,1975,2000,0,600,30,26,RESIDENTIAL,50,3,1,,6,6,0,,,,,,,,,,,,,,,,,,,,,0,,,,,,,,,,,,,,,4,0,,,10000
SHREWSBURY,171,27,61800,271,6,,4,0,2,0,5,16000,10000,2,1,0,14,55,2,8,1,1,2,2,1,2,,1,,2001,1,1,5,12500,40,1,1,0,1,1,1991,0,0,0,,1,25,,0,,0,0,0,0,0,0,0,1,1,75,4,,5,0,0,125,0,6088,1,,2002,1,600,30,30,MINOR,50,3,,5,8,8,0,,,,,,,,,,,,,,,,,,,,,1,,0,5,110,330,0,60,660,10,50,100,0,0,0,4,1,4,0,
WORCESTER,172,27,82000,348,7,0,1,0,2,2,3,5000,2333,1,1,0,23,,7,4,1,1,0,,,2,,1,1991,,1,3,3,,25,1,3,1,1,0,1991,,,0,,0,,,,,,,,,,,0,0,0,,0,,3,0,0,80,0,10993,1,,,0,600,30,30,RESIDENTIAL,50,2,2,6,,,1,1990,,1,1,0,0,0,,,,1,100,1,0,,0,1,1,30,1,0,,,,,,,,,,,,,,,4,1,,1,1158
GRAFTON,173,27,26430,110,2,,1,0,0,2,,20000,5500,0,0,0,9,,2,3,0,1,2,1,0,2,1,1,1991,1999,1,0,1.91307,8000,40,0,,,,,,,,0,,0,,,,,,,,,,,0,1,0,,0,,1,0,0,140,0,5132,1,,1998,0,500,22,22,MINOR C,50,2,1,4,8,8,1,1987,,1,0,0,0,0,,,,1,100,1,1,1,1,1,0,,1,1,2004,1,5,110,330,0,60,,10,50,100,0,0,0,3,0,,,20
MILLBURY,174,27,41340,186,2,,1,0,2,2,16,18750,10890,0,0,0,11,,4,7,1,1,0,,,2,,1,1980,1986,1,0,10,12500,30,0,,,,,,,,0,,0,,,,,,,,,,,0,1,0,90,5,,1,1,4,150,0,3068,1,,2001,1,500,26,26,MINOR,50,3,2,,8,8,0,,,,,,,,,,,,,,,,,,,,,1,1999,0,5,110,330,0,60,,10,100,100,0,0,0,3,0,,,5000
AUBURN,175,27,2760,17,6,,2,0,1,2,6,40000,10000,2,0,0,10,,5,4,0,1,0,,,2,1,1,1987,,1,1,6,10000,30,0,,,,,,,,0,,0,,,,,,,,,,,0,0,0,,1,40,3,1,,180,0,2317,1,1986,1995,1,800,24,24,MINOR,40,2,1,5,8,8,1,1982,,0,1,0,0,0,,,,0,,0,0,,0,0,0,,0,1,1985,0,5,110,330,1,60,900,10,50,100,0,0,0,4,0,,,330
SUTTON,176,27,68610,290,6,,1,1,2,0,2.754821,46000,,2,0,0,6,,5,2,1,1,0,,,3,0,1,1999,,1,1,2.754821,8000,20,3,4,0,1,0,2002,1,5,0,,0,,,,,,,,,,,0,1,1,60,1,40,1,1,2,250,0,6229,1,,2004,1,500,26,26,NA,50,3,1,4,9,9,1,1983,2004,1,1,1,1,1,1,100,100,1,100,1,1,0,1,0,1,100,1,1,2003,0,5,110,330,0,30,,10,100,100,0,0,0,1,0,,,2500
NORTHBRIDGE,177,27,46925,216,4,1,4,0,2,2,,6000,1000,2,1,0,12,55,6,6,1,1,0,,,2,,4,1996,,,2,10,5445,30,2,3,0,1,0,2001,0,0,0,,0,,,,,,,,,,,0,1,1,75,0,,1,1,2,200,0,3014,1,1956,1998,1,500,24,24,TYPE I,40,3,2,,7,9,1,1999,,1,0,0,0,0,,,,1,100,1,1,0,1,0,0,,1,1,1999,0,5,110,330,0,60,,10,100,100,0,0,0,3,1,4,1,6000
DOUGLAS,180,27,17300,77,3,,1,0,0,2,,20000,,0,0,0,8,,2,4,1,1,2,1,0,2,0,1,2004,,1,1,,,40,1,3,1,1,1,2004,0,0,0,,1,15,2000,,,1,1,1,1,0,1,0,0,0,,4,,1,1,2,200,0,5538,1,1975,1998,0,500,24,24,RESIDENTIAL,44,2,2,5,10,10,1,1983,,1,1,0,0,0,,,,1,100,1,1,0,1,0,1,50,1,1,2002,0,5,110,330,0,60,,15,50,100,0,0,0,1,1,5,0,5000
UXBRIDGE,181,27,71620,304,6,,2,1,0,2,10,20000,,2,0,0,7,,2,3,0,0,0,,,2,,4,,,1,3,10,14520,40,0,,,,,,,,1,60,0,,2004,1,2009,0,1,0,0,0,0,1,1,1,60,0,,5,1,2,200,0,4589,1,2001,,0,500,26,26,NA,40,1,2,5,8,8,0,,,,,,,,,,,,,,,,,,,,,1,2000,0,6,110,330,0,60,800,10,100,100,0,0,0,2,0,,,831
LEOMINSTER,182,27,35075,153,1,1,5,0,0,1,,18000,5445,1,0,0,8,,3,4,0,1,0,,,2,1,1,,,0,0,5,12500,25,1,4,0,1,0,,,,1,100,1,12.5,2001,0,,1,1,0,0,0,0,1,0,0,,4,,3,1,1,175,0,6662,1,1987,,0,500,34,34,MINOR,50,2,1,4,10,10,0,,,,,,,,,,,,,,,,,,,,,1,,1,5,110,330,0,60,1000,10,50,100,0,0,0,4,1,,1,1000
HOLDEN,183,27,30560,134,7,0,4,1,2,1,20,10000,5000,2,1,0,10,55,2,5,1,0,2,2,1,2,1,1,1994,,1,3,10,10000,25,1,3,0,1,0,2004,0,0,1,100,1,8,1991,0,,0,0,0,0,0,0,0,1,0,90,0,,1,0,0,100,0,6383,1,1971,2002,0,500,28,28,MINOR,50,2,2,,10,10,1,2001,,0,1,1,1,1,1,100,200,1,100,1,1,0,1,0,0,,1,0,,,,,,,,,,,,,,,4,0,,,1280
ATTLEBORO,184,5,2690,16,6,,2,0,1,2,50,6000,4356,2,1,0,13,55,2,8,1,1,0,,,2,1,1,,,0,3,5,8000,25,0,,,,,,,,0,,0,,,,,,,,,,,0,0,0,,5,,1,0,0,50,0,,1,2001,,1,,26,26,MINOR,40,2,2,5,8,8,1,2001,,1,1,1,1,1,1,100,125,1,25,1,1,1,1,1,1,25,1,0,,,,,,,,,,,,,,,3,0,,,171
NORTH ATTLEBOROUGH,185,5,46575,211,7,1,2,0,2,2,15,7500,9000,0,0,0,11,,2,5,1,0,0,,,2,1,1,,,,1,15,9000,30,0,,,,,,,,0,,1,20,2001,,,0,0,0,0,0,0,0,0,0,,0,,1,1,1,150,0,,1,1974,2004,0,900,26,26,TYPE I,40,3,2,,8,8,0,,,,,,,,,,,,,,,,,,,,,1,1998,0,5,110,330,0,60,,10,75,100,0,0,0,3,0,,,990
FREETOWN,186,5,25240,102,2,,1,1,0,2,,150000,,0,0,0,5,,1,1,0,0,2,2,0,0,,,,,,,,,,0,,,,,,,,0,,0,,,,,,,,,,,0,1,1,43,4,,,1,1,175,0,,1,1957,,0,750,24,24,MINOR,42,2,1,5,9,9,1,,2003,0,1,0,0,0,,,,1,100,1,1,0,1,0,0,,0,0,,,,,,,,,,,,,,,0,,,,
SEEKONK,187,5,60645,265,0,,,0,0,0,,,,0,0,0,10,,3,5,0,0,0,,,0,,,,,,,,,,0,,,,,,,,0,,0,,,,,,,,,,,0,0,0,,5,,3,1,2,200,0,,1,1993,,0,1000,30,30,LOCAL/MINOR,50,2,2,5,8,9,1,1980,,1,0,1,1,1,1,100,200,1,100,1,1,0,1,0,1,50,1,0,,,,,,,,,,,,,,,0,,,,
REHOBOTH,188,5,56375,247,2,,2,0,0,0,,180000,60000,0,0,0,3,,3,1,0,0,0,,,0,,,,,,,,,,0,,,,,,,,0,,1,7.5,1988,,,0,1,0,0,0,0,0,0,0,,5,,1,1,1,200,0,,1,1947,1991,0,600,26,26,LOCAL RESIDENTIAL,50,2,0,5,8,8,0,,,,,,,,,,,,,,,,,,,,,1,2003,0,5,137.5,412.5,0,60,,10,60,100,0,0,0,0,,,,
LUNENBURG,189,27,37420,162,3,,1,0,0,0,10,,5445,2,1,0,8,55,4,2,1,0,1,,0,2,1,1,1997,1999,0,1,5,,50,1,4,0,1,1,,,,1,45,1,9,1997,1,2004,1,1,0,0,0,0,1,1,0,90,0,,5,0,0,100,0,,1,1996,2002,0,650,24,24,INTERMEDIATE,50,2,0,,6,9,1,1983,,1,0,1,1,1,0,100,100,1,100,1,1,0,1,0,1,30,1,1,2002,0,6,110,330,0,60,,10,100,100,0,0,1,1,0,,,1980
SOMERSET,190,5,62430,273,6,,1,0,0,0,5,,4000,2,0,0,6,,3,1,0,0,0,,,2,1,1,1986,,1,3,5,8000,30,0,,,,,,,,0,,0,,,,,,,,,,,0,0,0,,0,,1,0,0,100,0,,1,1954,1999,0,500,28,24,LOCAL,50,2,1,,7,8.5,0,,,,,,,,,,,,,,,,,,,,,0,,,,,,,,,,,,,,,4,0,,,200
PRINCETON,191,27,55395,241,0,,2,0,0,2,,217800,,0,0,0,3,,1,1,0,1,0,,,0,,,,,,,,,,0,,,,,,,,0,,0,,,,,,,,,,,0,1,0,50,0,,1,1,1,225,0,,1,1995,,1,500,26,26,MINOR,50,2,2,4,12,12,0,,,,,,,,,,,,,,,,,,,,,0,,,,,,,,,,,,,,,0,,,,
PAXTON,192,27,52420,228,3,,1,0,0,2,10,,20000,2,1,1,3,62,3,2,1,0,2,1,0,2,,1,,,,3,10,20000,30,2,2,0,0,0,2003,,,0,,0,,,,,,,,,,,0,1,0,75,1,40,1,1,1,200,0,,1,,,0,1000,28,28,NA,60,2,2,4,10,12,0,,,,,,,,,,,,,,,,,,,,,0,,,,,,,,,,,,,,,0,,,,
LEICESTER,193,27,34795,151,2,,1,0,0,0,,15000,,2,1,0,12,55,3,3,1,0,1,,0,2,1,1,2002,,1,2,10,10000,25,0,,,,,,,,1,50,1,8,,0,,1,0,0,0,0,0,0,0,0,,0,,5,1,2,200,0,,1,1995,2003,1,500,28,28,NA,40,2,2,5,10,10,1,,,0,0,0,0,0,,,,1,100,1,0,,1,0,0,,0,1,1988,0,5,110,330,0,60,900,10,50,100,0,0,0,2,1,10,0,4500
SWANSEA,194,5,68750,292,0,,2,0,0,2,,,,0,0,0,5,,2,1,0,0,0,,,2,,1,2002,,0,0,10,10000,35,0,,,,,,,,0,,1,8,1979,,,0,0,0,0,0,0,0,1,0,,0,,,1,,150,0,,1,,,0,,26,26,MINOR,50,2,1,4,9,9,1,1988,,1,0,1,0,0,1,,,1,100,1,1,1,1,1,1,25,1,1,,0,5,110,330,0,60,,10,50,100,0,0,0,0,,,,